latitude,longitude,frp,month,state,daynight
-13.977,130.591,37.9,2019-08,NT,D
-15.0096,130.6093,26.8,2019-08,NT,N
-14.1786,130.7086,37.4,2019-08,NT,N
-12.4667,134.9397,16.4,2019-08,NT,D
-12.6756,131.7063,28.7,2019-08,NT,D
-12.8472,134.4628,13.2,2019-08,NT,D
-27.2193,148.6607,57.3,2019-08,QLD,D
-16.8412,142.2529,15.9,2019-08,QLD,D
-15.4891,131.5257,31.0,2019-08,NT,D
-15.6552,130.5976,35.9,2019-08,NT,D
-11.4098,130.8547,8.4,2019-08,NT,D
-14.0157,129.7502,50.4,2019-08,NT,D
-31.4931,152.4892,19.1,2019-08,NSW,D
-14.9129,129.7941,30.7,2019-08,NT,N
-12.4516,133.9033,83.5,2019-08,NT,D
-12.3352,141.8981,54.6,2019-08,QLD,D
-14.3121,129.7355,52.0,2019-08,NT,D
-12.3004,134.1216,9.3,2019-08,NT,D
-16.7682,142.1407,38.7,2019-08,QLD,D
-13.185,131.9185,23.9,2019-08,NT,D
-14.6471,130.7438,4.0,2019-08,NT,N
-12.2863,133.177,16.7,2019-08,NT,D
-14.7466,130.7266,91.9,2019-08,NT,N
-12.287,131.1909,27.0,2019-08,NT,N
-16.4883,136.7384,40.6,2019-08,NT,D
-15.4676,130.7223,6.3,2019-08,NT,D
-13.9645,130.4944,17.6,2019-08,NT,N
-16.5295,136.9007,128.9,2019-08,NT,D
-22.7164,150.6012,12.1,2019-08,QLD,D
-15.2613,141.9305,29.0,2019-08,QLD,D
-16.1451,136.8962,5.9,2019-08,NT,N
-13.5652,130.3421,7.8,2019-08,NT,N
-31.7318,149.0525,11.0,2019-08,NSW,D
-19.6198,146.3439,100.2,2019-08,QLD,D
-26.1856,151.0458,67.0,2019-08,QLD,D
-15.1839,130.4228,41.6,2019-08,NT,N
-19.2014,138.3583,10.0,2019-08,QLD,D
-13.0004,132.9959,3.8,2019-08,NT,N
-27.492,149.7409,62.8,2019-08,QLD,D
-29.9238,153.0166,16.0,2019-08,NSW,N
-14.2455,132.714,39.9,2019-08,NT,D
-16.1162,136.4164,93.6,2019-08,NT,D
-29.7221,116.5555,4.7,2019-08,WA,D
-13.4425,132.0676,14.0,2019-08,NT,D
-14.6772,131.6721,47.5,2019-08,NT,N
-29.0275,149.5413,10.6,2019-08,NSW,D
-31.8066,151.5023,19.9,2019-08,NSW,N
-14.662,131.5854,49.9,2019-08,NT,D
-13.9081,142.4042,12.8,2019-08,QLD,D
-15.7958,137.0536,27.6,2019-08,NT,D
-13.9821,131.244,152.2,2019-08,NT,D
-16.8634,123.0846,37.5,2019-08,WA,D
-16.6452,142.0211,18.6,2019-08,QLD,D
-30.413,148.553,10.9,2019-08,NSW,D
-13.2735,130.9905,320.8,2019-08,NT,D
-16.1251,136.6945,51.2,2019-08,NT,D
-17.1401,142.616,14.1,2019-08,QLD,N
-16.1373,136.8568,300.8,2019-08,NT,D
-16.4723,136.7404,42.2,2019-08,NT,D
-14.3694,130.7204,59.5,2019-08,NT,D
-10.7132,142.1875,8.1,2019-08,QLD,D
-12.5744,135.6168,18.6,2019-08,NT,D
-14.6082,131.4438,25.9,2019-08,NT,D
-26.1649,151.1118,9.9,2019-08,QLD,N
-14.6205,131.5722,54.1,2019-08,NT,D
-12.5119,133.8749,9.5,2019-08,NT,N
-30.2934,152.2286,4.2,2019-08,NSW,D
-16.7011,145.2605,19.2,2019-08,QLD,D
-28.5495,149.8392,10.3,2019-08,NSW,D
-22.5681,150.1274,9.0,2019-08,QLD,D
-14.9462,131.8191,44.7,2019-08,NT,D
-22.5118,150.3288,14.6,2019-08,QLD,N
-12.6811,133.9292,25.4,2019-08,NT,D
-29.9518,152.8573,15.5,2019-08,NSW,N
-12.7542,130.9543,91.1,2019-08,NT,D
-12.8173,132.9834,14.6,2019-08,NT,N
-15.1598,130.5656,44.2,2019-08,NT,D
-16.0778,125.9238,33.1,2019-08,WA,D
-16.991,142.709,21.1,2019-08,QLD,N
-29.9263,152.8946,32.2,2019-08,NSW,D
-15.58,130.5921,200.1,2019-08,NT,D
-16.6318,142.1429,21.6,2019-08,QLD,D
-13.214,134.6159,28.7,2019-08,NT,D
-14.8857,129.7508,148.6,2019-08,NT,N
-14.3457,129.8308,18.7,2019-08,NT,D
-17.0409,142.6148,95.7,2019-08,QLD,D
-15.0967,129.89,23.5,2019-08,NT,D
-16.6109,136.7173,9.5,2019-08,NT,N
-12.6745,133.2088,25.4,2019-08,NT,D
-31.7744,150.7827,6.9,2019-08,NSW,D
-16.6001,124.1243,24.9,2019-08,WA,D
-15.4798,142.3177,17.8,2019-08,QLD,D
-32.6467,146.233,6.2,2019-08,NSW,D
-17.1578,142.5874,17.0,2019-08,QLD,N
-18.7471,126.5922,10.2,2019-08,WA,N
-16.4976,136.7582,19.3,2019-08,NT,D
-14.6571,131.5422,18.2,2019-08,NT,D
-16.4388,136.7173,86.5,2019-08,NT,D
-16.1082,126.1085,5.9,2019-08,WA,N
-15.1897,129.868,20.8,2019-08,NT,N
-16.9616,123.0618,27.6,2019-08,WA,D
-33.3392,147.8222,26.2,2019-08,NSW,D
-14.4306,143.3035,6.5,2019-08,QLD,D
-12.1914,131.0938,13.6,2019-08,NT,N
-16.5148,136.8922,119.1,2019-08,NT,D
-12.3235,134.916,10.5,2019-08,NT,D
-29.9479,152.9992,30.0,2019-08,NSW,D
-12.4134,131.1861,56.7,2019-08,NT,D
-11.4719,130.816,66.7,2019-08,NT,D
-11.345,130.9445,47.4,2019-08,NT,D
-12.2978,131.1708,22.5,2019-08,NT,D
-14.143,143.4243,11.7,2019-08,QLD,D
-14.8406,142.159,63.6,2019-08,QLD,D
-15.2338,130.4907,16.7,2019-08,NT,N
-12.1493,134.0353,20.7,2019-08,NT,N
-14.5978,130.6608,8.5,2019-08,NT,N
-15.1881,130.4852,29.9,2019-08,NT,N
-34.1447,116.3721,138.3,2019-08,WA,D
-12.8431,131.6095,22.8,2019-08,NT,N
-15.2393,129.8426,60.9,2019-08,NT,D
-13.0274,141.9026,4.9,2019-08,QLD,N
-15.7499,137.0514,13.3,2019-08,NT,D
-13.3346,142.0185,19.9,2019-08,QLD,D
-14.5731,135.4851,34.9,2019-08,NT,D
-16.3137,144.6674,15.7,2019-08,QLD,D
-15.1937,129.898,7.5,2019-08,NT,N
-11.504,132.629,11.7,2019-08,NT,D
-14.3354,129.9129,105.4,2019-08,NT,D
-15.3508,141.9035,44.5,2019-08,QLD,D
-31.9167,148.5339,148.0,2019-08,NSW,N
-11.9157,142.4563,37.9,2019-08,QLD,D
-14.0924,130.6234,51.6,2019-08,NT,D
-17.0192,142.7008,18.1,2019-08,QLD,N
-13.3506,135.6307,8.8,2019-08,NT,D
-16.5556,136.7505,12.3,2019-08,NT,N
-29.904,152.9019,77.4,2019-08,NSW,D
-13.9856,131.224,101.5,2019-08,NT,D
-12.6103,132.3315,10.1,2019-08,NT,D
-31.0234,146.6944,7.3,2019-08,NSW,D
-13.7514,136.6542,9.9,2019-08,NT,D
-16.9394,142.3815,211.4,2019-08,QLD,D
-33.9346,115.166,7.1,2019-08,WA,D
-13.7542,131.0609,247.5,2019-08,NT,D
-18.4246,127.7008,10.3,2019-08,WA,D
-16.1575,136.4662,30.3,2019-08,NT,D
-11.3993,130.832,344.2,2019-08,NT,D
-12.2444,136.842,36.2,2019-08,NT,D
-33.3181,150.9569,41.3,2019-08,NSW,D
-16.5102,136.8924,52.8,2019-08,NT,D
-14.6842,131.5302,162.4,2019-08,NT,D
-14.5251,131.3444,22.9,2019-08,NT,N
-14.8341,133.4154,34.4,2019-08,NT,D
-28.7851,148.1764,13.2,2019-08,NSW,D
-12.7061,134.4077,21.2,2019-08,NT,D
-16.8721,142.3634,11.9,2019-08,QLD,D
-15.5813,131.5305,72.9,2019-08,NT,D
-14.0775,130.6804,87.5,2019-08,NT,D
-14.4187,132.3192,27.6,2019-08,NT,D
-31.9409,147.2457,4.4,2019-08,NSW,D
-15.561,130.6857,3.5,2019-08,NT,N
-15.5549,130.5423,146.9,2019-08,NT,D
-14.4194,132.3137,129.0,2019-08,NT,D
-29.0999,152.6424,15.4,2019-08,NSW,D
-14.7857,142.018,13.4,2019-08,QLD,D
-14.347,130.7139,6.6,2019-08,NT,D
-11.4061,130.7943,29.3,2019-08,NT,D
-16.16,136.4919,36.3,2019-08,NT,D
-16.7536,122.8699,29.3,2019-08,WA,D
-31.5879,147.0156,4.7,2019-08,NSW,D
-12.6132,131.0841,33.5,2019-08,NT,D
-14.6638,130.0044,12.8,2019-08,NT,D
-14.6475,130.6724,25.2,2019-08,NT,D
-14.0741,143.6328,26.6,2019-08,QLD,D
-14.2063,143.544,100.5,2019-08,QLD,D
-14.7896,130.7363,13.0,2019-08,NT,D
-14.3076,130.7536,25.5,2019-08,NT,D
-33.9633,142.6332,10.0,2019-08,NSW,D
-21.1951,120.082,54.9,2019-08,WA,N
-32.7915,147.7916,7.4,2019-08,NSW,D
-16.1197,136.9233,27.9,2019-08,NT,D
-12.4748,141.9763,40.9,2019-08,QLD,D
-16.183,135.9409,16.4,2019-08,NT,D
-20.2994,145.5219,6.2,2019-08,QLD,D
-16.2279,126.029,101.2,2019-08,WA,D
-16.1196,136.8856,17.6,2019-08,NT,D
-14.5857,131.6734,43.9,2019-08,NT,D
-16.1921,136.9569,263.8,2019-08,NT,D
-12.3244,132.9361,12.7,2019-08,NT,D
-32.2092,146.7189,28.7,2019-08,NSW,D
-13.4899,132.114,19.4,2019-08,NT,D
-13.8786,136.5825,30.3,2019-08,NT,D
-11.3756,130.8686,19.3,2019-08,NT,D
-14.7764,130.7043,52.4,2019-08,NT,N
-15.4745,130.825,16.0,2019-08,NT,N
-15.1629,141.8393,7.0,2019-08,QLD,N
-28.0368,148.1744,48.2,2019-08,NSW,D
-11.2365,131.8871,26.8,2019-08,NT,D
-13.0215,130.7014,33.8,2019-08,NT,D
-15.1716,129.8751,23.4,2019-08,NT,D
-25.0157,126.9067,9.1,2019-08,WA,D
-14.5003,133.0532,52.4,2019-08,NT,D
-27.1836,148.6452,94.3,2019-08,QLD,D
-31.6068,151.0865,59.2,2019-08,NSW,D
-13.4629,143.0159,67.7,2019-08,QLD,D
-13.9751,130.2553,11.6,2019-08,NT,D
-14.166,143.5563,18.1,2019-08,QLD,D
-15.5691,131.4067,48.5,2019-08,NT,D
-29.7345,152.7159,84.3,2019-08,NSW,D
-14.1684,130.72,19.2,2019-08,NT,D
-13.0144,130.7785,22.0,2019-08,NT,D
-12.83,135.4948,25.0,2019-08,NT,D
-14.3421,126.6625,18.4,2019-08,WA,D
-33.7027,122.1948,13.2,2019-08,WA,D
-15.5091,131.0083,37.9,2019-08,NT,D
-15.6276,136.5456,10.4,2019-08,NT,D
-22.7281,150.5488,50.2,2019-08,QLD,D
-16.8471,142.2808,23.4,2019-08,QLD,D
-11.8271,130.9061,8.9,2019-08,NT,D
-29.7607,152.718,15.2,2019-08,NSW,D
-11.4057,130.8645,13.7,2019-08,NT,D
-15.4344,128.8415,23.9,2019-08,WA,D
-15.5254,130.4334,16.1,2019-08,NT,D
-27.5992,149.0493,48.7,2019-08,QLD,D
-16.6693,144.8146,22.7,2019-08,QLD,D
-15.2396,131.2072,12.7,2019-08,NT,D
-11.7681,130.0379,15.0,2019-08,NT,D
-16.3304,144.7038,21.2,2019-08,QLD,D
-12.2449,134.8834,13.8,2019-08,NT,N
-13.4525,132.1243,15.5,2019-08,NT,N
-14.5785,130.7063,27.8,2019-08,NT,D
-11.4326,132.1113,66.1,2019-08,NT,D
-14.2085,132.7321,28.9,2019-08,NT,D
-27.8277,153.2703,13.6,2019-08,QLD,D
-16.8783,123.0164,41.4,2019-08,WA,D
-14.9309,141.651,160.1,2019-08,QLD,D
-32.251,118.9593,5.4,2019-08,WA,D
-16.4819,136.8091,29.0,2019-08,NT,D
-13.3996,132.1252,21.4,2019-08,NT,D
-16.1548,126.1139,68.8,2019-08,WA,D
-11.4291,130.9081,9.6,2019-08,NT,N
-11.4784,130.8642,28.0,2019-08,NT,D
-15.5851,130.6584,8.1,2019-08,NT,N
-15.0773,129.8932,104.4,2019-08,NT,D
-32.9319,116.4502,20.0,2019-08,WA,D
-15.7056,137.034,43.8,2019-08,NT,D
-12.2572,134.8996,12.2,2019-08,NT,N
-14.1005,130.6359,30.9,2019-08,NT,D
-11.4605,130.5216,126.4,2019-08,NT,N
-22.4964,150.3393,40.6,2019-08,QLD,D
-17.135,142.5377,258.6,2019-08,QLD,N
-14.1722,130.6967,14.5,2019-08,NT,N
-29.8983,152.9514,15.0,2019-08,NSW,D
-19.1615,138.3575,289.0,2019-08,QLD,D
-16.8616,142.5276,15.5,2019-08,QLD,N
-15.631,130.5322,18.7,2019-08,NT,N
-14.6894,131.6028,9.9,2019-08,NT,D
-25.4145,152.1806,65.2,2019-08,QLD,D
-27.5332,150.7892,80.6,2019-08,QLD,N
-34.4693,150.8963,5.7,2019-08,NSW,D
-12.4885,142.1119,7.2,2019-08,QLD,D
-14.6058,133.1952,52.7,2019-08,NT,D
-14.7664,131.4417,31.6,2019-08,NT,D
-13.9272,129.9122,54.0,2019-08,NT,D
-31.3009,151.3539,31.8,2019-08,NSW,N
-15.2178,130.4836,83.4,2019-08,NT,N
-15.1652,130.4753,44.0,2019-08,NT,D
-27.4225,150.6705,82.6,2019-08,QLD,D
-28.4466,153.2933,5.2,2019-08,NSW,D
-16.2462,126.2076,35.5,2019-08,WA,D
-22.516,150.1304,52.4,2019-08,QLD,D
-27.1211,150.8792,18.1,2019-08,QLD,D
-14.6468,130.7449,9.4,2019-08,NT,D
-14.6481,135.035,35.5,2019-08,NT,D
-35.496,143.712,32.1,2019-08,NSW,D
-28.8465,115.0172,14.3,2019-08,WA,D
-12.6431,131.2716,43.7,2019-08,NT,D
-15.0854,129.724,22.0,2019-08,NT,D
-12.7876,131.612,348.2,2019-08,NT,D
-27.3991,150.6556,13.9,2019-08,QLD,N
-16.0751,125.9889,10.3,2019-08,WA,D
-15.5251,131.0355,9.9,2019-08,NT,N
-14.4585,133.7796,145.2,2019-08,NT,D
-14.591,131.4304,105.4,2019-08,NT,D
-12.2301,136.8393,52.5,2019-08,NT,D
-14.4014,132.2991,46.0,2019-08,NT,D
-15.211,129.8795,117.6,2019-08,NT,D
-13.2897,141.9814,15.9,2019-08,QLD,D
-29.1805,152.9181,644.5,2019-08,NSW,D
-16.5512,124.1534,21.5,2019-08,WA,D
-14.4636,144.2246,15.5,2019-08,QLD,D
-15.4634,130.7474,14.8,2019-08,NT,D
-12.6377,131.0289,70.7,2019-08,NT,D
-16.5383,141.9273,12.7,2019-08,QLD,D
-15.5783,131.5072,51.8,2019-08,NT,D
-12.7013,135.0551,90.1,2019-08,NT,D
-16.357,144.7129,23.6,2019-08,QLD,D
-16.6233,136.8073,59.2,2019-08,NT,D
-15.1861,130.4364,316.3,2019-08,NT,D
-15.7396,130.5502,20.0,2019-08,NT,D
-14.005,129.7386,29.5,2019-08,NT,D
-14.6691,130.7886,63.9,2019-08,NT,N
-12.6527,133.9154,8.9,2019-08,NT,D
-15.683,130.5184,25.3,2019-08,NT,D
-31.3191,152.601,13.8,2019-08,NSW,D
-13.4144,141.6712,5.8,2019-08,QLD,N
-11.6488,130.3576,129.5,2019-08,NT,D
-21.7005,119.0782,8.3,2019-08,WA,D
-14.4146,144.2552,31.2,2019-08,QLD,D
-27.766,150.459,54.8,2019-08,QLD,D
-12.5724,135.5913,31.6,2019-08,NT,D
-13.4909,131.4424,26.9,2019-08,NT,D
-14.8579,144.3248,170.7,2019-08,QLD,D
-14.8275,141.646,24.6,2019-08,QLD,D
-29.676,152.7391,14.9,2019-08,NSW,N
-12.5178,141.8749,15.8,2019-08,QLD,D
-25.8955,150.9792,7.7,2019-08,QLD,D
-32.4564,146.1491,4.7,2019-08,NSW,D
-15.2861,130.4796,7.4,2019-08,NT,D
-12.518,131.4951,56.5,2019-08,NT,D
-14.6746,130.6978,19.4,2019-08,NT,D
-12.6986,132.1126,37.7,2019-08,NT,D
-14.5629,131.7022,15.0,2019-08,NT,D
-15.4526,130.9945,7.5,2019-08,NT,D
-31.3652,150.3187,19.1,2019-08,NSW,D
-27.221,149.7213,86.3,2019-08,QLD,D
-12.7951,136.404,8.9,2019-08,NT,D
-14.129,143.455,27.8,2019-08,QLD,D
-16.5089,136.7476,37.3,2019-08,NT,N
-16.161,136.472,44.3,2019-08,NT,N
-30.888,152.4103,16.1,2019-08,NSW,N
-33.596,150.6234,19.8,2019-08,NSW,D
-15.486,130.7505,18.1,2019-08,NT,D
-21.3446,147.8482,79.3,2019-08,QLD,D
-28.0208,148.1677,30.3,2019-08,NSW,N
-12.6135,141.9921,31.7,2019-08,QLD,D
-16.3119,136.9202,33.9,2019-08,NT,D
-32.5158,146.8625,9.7,2019-08,NSW,D
-31.5431,152.6255,63.3,2019-08,NSW,D
-12.7354,133.8991,12.7,2019-08,NT,D
-17.0507,122.8666,27.3,2019-08,WA,D
-10.8202,142.4133,32.7,2019-08,QLD,D
-19.2965,146.2696,12.8,2019-08,QLD,D
-13.5224,142.6336,24.5,2019-08,QLD,D
-20.2958,145.4957,20.2,2019-08,QLD,D
-12.6798,132.6435,6.3,2019-08,NT,N
-15.7507,137.0679,18.7,2019-08,NT,D
-15.9495,136.5762,78.4,2019-08,NT,D
-17.1497,142.5235,9.5,2019-08,QLD,N
-15.3782,130.7768,14.3,2019-08,NT,D
-14.2395,129.9007,70.9,2019-08,NT,D
-30.8915,152.4317,45.2,2019-08,NSW,N
-14.1221,129.9425,12.1,2019-08,NT,D
-32.1257,146.8741,15.6,2019-08,NSW,D
-14.112,136.4982,22.9,2019-08,NT,D
-15.4157,131.0495,16.5,2019-08,NT,N
-16.7602,142.049,64.6,2019-08,QLD,D
-15.5587,130.6706,100.7,2019-08,NT,D
-14.0819,143.6437,20.8,2019-08,QLD,D
-15.3004,130.7668,31.4,2019-08,NT,N
-13.9663,130.2818,47.4,2019-08,NT,D
-22.624,150.119,18.4,2019-08,QLD,D
-13.3475,133.9781,30.2,2019-08,NT,D
-16.5836,124.2136,34.3,2019-08,WA,D
-14.0638,130.0623,7.6,2019-08,NT,D
-11.5663,132.6598,36.0,2019-08,NT,D
-12.1513,134.6254,62.3,2019-08,NT,D
-14.4229,132.2911,50.8,2019-08,NT,D
-12.5614,135.6145,28.4,2019-08,NT,D
-16.5289,141.9516,31.6,2019-08,QLD,D
-14.675,133.1733,17.7,2019-08,NT,D
-16.2109,126.1202,39.7,2019-08,WA,D
-24.877,149.1926,21.1,2019-08,QLD,D
-16.0464,136.5859,18.5,2019-08,NT,D
-16.6384,141.8362,47.5,2019-08,QLD,N
-14.6004,131.4321,83.3,2019-08,NT,D
-15.3544,130.8198,21.9,2019-08,NT,D
-29.9418,152.8889,11.3,2019-08,NSW,N
-26.9924,150.7079,18.0,2019-08,QLD,N
-16.8563,142.2394,76.1,2019-08,QLD,D
-32.8986,146.4207,56.2,2019-08,NSW,D
-14.6925,131.5344,64.8,2019-08,NT,D
-31.6122,150.1445,12.2,2019-08,NSW,N
-13.9774,130.1361,52.2,2019-08,NT,D
-16.1976,126.165,22.3,2019-08,WA,D
-12.2325,131.047,5.9,2019-08,NT,N
-15.551,130.671,12.1,2019-08,NT,N
-16.5398,141.9176,19.2,2019-08,QLD,D
-12.9212,141.9439,10.9,2019-08,QLD,D
-15.6865,130.4609,69.9,2019-08,NT,D
-30.1854,117.3505,9.0,2019-08,WA,D
-13.492,132.1286,103.8,2019-08,NT,N
-26.133,151.121,13.9,2019-08,QLD,D
-16.1619,136.9394,22.0,2019-08,NT,N
-16.9596,123.068,31.8,2019-08,WA,D
-12.7682,131.6574,65.6,2019-08,NT,N
-14.9423,141.6525,194.8,2019-08,QLD,D
-15.3447,130.3061,33.6,2019-08,NT,D
-29.1625,153.017,32.8,2019-08,NSW,D
-12.6871,131.7131,170.8,2019-08,NT,D
-15.6963,137.0371,25.3,2019-08,NT,D
-14.7954,142.2991,46.3,2019-08,QLD,D
-16.3788,137.0063,15.0,2019-08,NT,D
-11.3562,130.9116,6.2,2019-08,NT,N
-12.6817,131.2761,71.3,2019-08,NT,D
-15.3053,130.8034,12.9,2019-08,NT,N
-16.5197,124.0525,21.2,2019-08,WA,D
-12.421,142.2571,29.4,2019-08,QLD,D
-15.648,143.1963,7.0,2019-08,QLD,D
-17.6263,138.755,15.6,2019-08,QLD,D
-12.1945,131.0275,46.3,2019-08,NT,D
-16.8512,142.2501,7.4,2019-08,QLD,N
-16.2027,136.5327,12.2,2019-08,NT,D
-28.0122,148.1781,24.4,2019-08,NSW,N
-37.1937,149.9069,7.4,2019-08,NSW,D
-12.7304,132.939,1052.7,2019-08,NT,D
-15.474,130.8522,13.5,2019-08,NT,N
-14.7712,130.7754,14.4,2019-08,NT,N
-29.1425,152.8438,80.1,2019-08,NSW,N
-14.7042,132.06,10.2,2019-08,NT,D
-15.4219,131.0776,64.5,2019-08,NT,D
-22.8549,149.4303,11.3,2019-08,QLD,N
-15.1133,130.5792,10.8,2019-08,NT,D
-12.262,136.029,63.6,2019-08,NT,D
-16.6656,136.8275,87.1,2019-08,NT,D
-16.5521,141.8996,16.0,2019-08,QLD,D
-15.5041,130.5107,4.8,2019-08,NT,N
-14.5128,131.6833,6.4,2019-08,NT,N
-12.3506,135.9448,21.1,2019-08,NT,D
-12.9776,134.2148,6.7,2019-08,NT,D
-14.7999,130.7545,13.3,2019-08,NT,D
-13.6302,130.5742,18.0,2019-08,NT,D
-16.6491,136.7024,111.3,2019-08,NT,D
-15.5238,131.0448,9.7,2019-08,NT,N
-26.1997,150.9507,72.9,2019-08,QLD,D
-16.5494,124.1397,14.2,2019-08,WA,D
-12.5312,131.494,5.1,2019-08,NT,N
-15.1927,130.34,26.4,2019-08,NT,D
-15.1634,130.4849,65.0,2019-08,NT,N
-17.1579,142.5077,27.0,2019-08,QLD,D
-16.3894,136.971,103.7,2019-08,NT,D
-16.0071,136.5307,14.6,2019-08,NT,D
-15.5603,131.5692,5.8,2019-08,NT,N
-15.7249,137.0694,7.0,2019-08,NT,D
-31.3855,115.8349,9.5,2019-08,WA,D
-12.589,132.0007,23.3,2019-08,NT,D
-31.6214,150.1506,50.0,2019-08,NSW,D
-16.4434,136.7829,178.8,2019-08,NT,D
-14.1776,129.8025,40.3,2019-08,NT,D
-27.1929,148.6262,7.2,2019-08,QLD,D
-31.0488,152.6234,19.2,2019-08,NSW,D
-27.601,149.1034,67.7,2019-08,QLD,N
-10.1493,142.268,9.7,2019-08,QLD,N
-16.1688,136.4486,89.2,2019-08,NT,D
-11.3946,130.7667,44.7,2019-08,NT,D
-17.0028,142.7282,32.2,2019-08,QLD,D
-13.8934,129.881,31.9,2019-08,NT,D
-15.148,130.5229,26.5,2019-08,NT,N
-11.4482,132.1286,34.1,2019-08,NT,D
-15.0541,130.6914,113.7,2019-08,NT,D
-15.2513,134.3904,43.3,2019-08,NT,D
-15.5715,130.5567,9.4,2019-08,NT,N
-15.2425,134.4373,14.8,2019-08,NT,D
-15.1322,129.9377,7.8,2019-08,NT,D
-12.2976,133.1566,27.4,2019-08,NT,D
-16.867,142.4206,34.1,2019-08,QLD,D
-31.3054,152.5863,51.3,2019-08,NSW,N
-15.6883,130.6656,7.6,2019-08,NT,N
-33.7576,122.5936,14.6,2019-08,WA,D
-16.0997,136.8492,77.5,2019-08,NT,D
-14.1996,132.7935,9.4,2019-08,NT,D
-12.5098,133.0935,9.9,2019-08,NT,D
-11.372,130.9084,50.6,2019-08,NT,D
-11.3464,132.3801,6.1,2019-08,NT,D
-12.3921,135.5849,10.6,2019-08,NT,D
-16.1882,136.4506,38.4,2019-08,NT,D
-14.3192,130.7129,29.3,2019-08,NT,D
-11.4096,132.5057,10.8,2019-08,NT,D
-29.9398,152.8937,34.6,2019-08,NSW,N
-12.7668,130.9991,14.4,2019-08,NT,D
-30.9428,147.7031,25.3,2019-08,NSW,D
-16.6363,136.7607,11.8,2019-08,NT,D
-12.961,132.0521,27.2,2019-08,NT,N
-29.582,152.8392,14.8,2019-08,NSW,N
-11.9728,142.4734,12.0,2019-08,QLD,D
-15.4458,130.8428,19.7,2019-08,NT,D
-13.7336,131.0608,8.7,2019-08,NT,N
-19.1675,138.3149,31.9,2019-08,QLD,D
-33.6976,117.2918,11.8,2019-08,WA,D
-12.7805,141.8721,18.4,2019-08,QLD,D
-31.7203,116.226,11.9,2019-08,WA,D
-25.5414,152.8644,103.3,2019-08,QLD,D
-25.5074,131.9668,32.1,2019-08,NT,D
-13.0231,133.0115,33.4,2019-08,NT,D
-13.8875,129.8923,102.3,2019-08,NT,D
-14.5117,130.654,10.8,2019-08,NT,N
-15.6665,130.5888,220.4,2019-08,NT,D
-30.8664,121.4789,14.5,2019-08,WA,D
-12.9729,136.0623,14.4,2019-08,NT,D
-15.5561,131.4531,45.3,2019-08,NT,D
-33.9665,146.389,11.4,2019-08,NSW,D
-30.0575,152.4264,86.3,2019-09,NSW,D
-30.0771,152.1989,43.1,2019-09,NSW,D
-14.3426,143.6347,5.7,2019-09,QLD,N
-30.0341,152.302,33.4,2019-09,NSW,N
-28.9109,152.358,28.9,2019-09,NSW,N
-12.7251,135.7947,246.0,2019-09,NT,D
-11.8418,142.3163,6.1,2019-09,QLD,N
-15.6174,134.598,50.0,2019-09,NT,D
-12.0503,142.3284,36.2,2019-09,QLD,D
-12.3858,132.8707,49.0,2019-09,NT,D
-28.9413,152.4938,33.4,2019-09,NSW,D
-14.5747,126.564,130.7,2019-09,WA,D
-29.8117,147.4368,14.4,2019-09,NSW,D
-13.093,141.8059,36.6,2019-09,QLD,D
-13.449,132.4378,9.3,2019-09,NT,N
-29.7761,152.135,271.4,2019-09,NSW,D
-12.3057,134.8451,9.5,2019-09,NT,D
-16.6073,139.2412,14.1,2019-09,QLD,D
-30.0824,152.4302,34.9,2019-09,NSW,D
-28.9255,152.3542,55.6,2019-09,NSW,N
-12.5068,135.6689,29.3,2019-09,NT,D
-16.5192,139.344,25.5,2019-09,QLD,D
-12.4047,134.8564,8.6,2019-09,NT,D
-30.746,152.0764,60.6,2019-09,NSW,D
-31.2369,152.7159,17.6,2019-09,NSW,D
-16.218,136.0755,14.0,2019-09,NT,D
-12.104,134.4651,18.9,2019-09,NT,D
-27.3395,148.4753,40.1,2019-09,QLD,D
-14.1743,130.8092,119.3,2019-09,NT,N
-30.4173,148.5393,12.5,2019-09,NSW,D
-11.8167,142.2555,8.4,2019-09,QLD,N
-15.6466,131.1894,338.8,2019-09,NT,D
-29.6823,152.4255,22.3,2019-09,NSW,N
-12.7562,136.4116,9.3,2019-09,NT,D
-30.22,152.3737,263.7,2019-09,NSW,N
-30.0475,152.4305,17.0,2019-09,NSW,D
-30.0447,152.3619,27.0,2019-09,NSW,D
-14.5072,126.8622,67.5,2019-09,WA,D
-14.1222,130.7968,52.6,2019-09,NT,D
-29.8453,152.1726,27.4,2019-09,NSW,N
-29.8023,152.4283,12.7,2019-09,NSW,D
-29.7629,152.1162,32.7,2019-09,NSW,N
-16.5421,122.892,48.5,2019-09,WA,D
-14.7565,126.3974,95.0,2019-09,WA,D
-30.2717,152.5687,16.3,2019-09,NSW,D
-15.5235,134.9473,15.0,2019-09,NT,D
-13.0298,143.3185,72.4,2019-09,QLD,D
-26.7003,152.6898,13.1,2019-09,QLD,D
-16.4739,124.1345,23.8,2019-09,WA,D
-17.8233,145.4801,13.3,2019-09,QLD,D
-24.3882,128.7683,209.3,2019-09,WA,D
-15.5246,135.0098,12.7,2019-09,NT,D
-17.2548,145.1488,59.2,2019-09,QLD,D
-14.0709,129.7891,25.8,2019-09,NT,D
-17.1733,145.1321,50.8,2019-09,QLD,D
-21.8427,134.5071,75.7,2019-09,NT,D
-15.4817,126.8557,19.3,2019-09,WA,N
-12.631,130.7536,21.4,2019-09,NT,N
-15.5741,134.8163,155.0,2019-09,NT,D
-11.1238,142.5003,18.0,2019-09,QLD,D
-26.8384,152.4231,9.3,2019-09,QLD,D
-13.2651,130.78,47.4,2019-09,NT,D
-28.9085,152.3235,45.3,2019-09,NSW,N
-12.7815,131.5611,37.6,2019-09,NT,D
-28.9228,152.4046,110.7,2019-09,NSW,N
-13.4009,132.2347,24.8,2019-09,NT,D
-12.7435,143.3014,23.1,2019-09,QLD,N
-11.3316,132.1364,74.1,2019-09,NT,D
-12.518,134.0311,12.9,2019-09,NT,N
-14.1827,132.8323,7.6,2019-09,NT,N
-26.6293,147.8211,88.4,2019-09,QLD,D
-17.0079,125.1306,10.3,2019-09,WA,N
-16.5658,139.3518,13.2,2019-09,QLD,D
-29.7024,152.1411,19.2,2019-09,NSW,D
-11.6131,130.7449,4.8,2019-09,NT,N
-15.4532,126.8503,25.1,2019-09,WA,N
-29.1552,152.3432,120.3,2019-09,NSW,D
-12.8682,130.6844,23.3,2019-09,NT,D
-14.7755,141.7188,31.7,2019-09,QLD,D
-15.6386,131.3425,74.3,2019-09,NT,N
-21.8984,119.5464,98.4,2019-09,WA,D
-33.9301,148.4451,16.1,2019-09,NSW,D
-12.2596,133.1164,13.0,2019-09,NT,D
-31.3897,151.7187,16.6,2019-09,NSW,D
-13.3505,130.8481,12.7,2019-09,NT,D
-29.5195,115.2055,146.6,2019-09,WA,D
-14.0206,129.8853,38.3,2019-09,NT,D
-16.4562,124.1563,31.8,2019-09,WA,D
-14.4596,141.6337,20.4,2019-09,QLD,D
-15.9843,144.5719,56.3,2019-09,QLD,D
-10.2001,142.289,55.0,2019-09,QLD,D
-15.632,131.2274,52.7,2019-09,NT,D
-28.9538,152.4695,35.1,2019-09,NSW,N
-29.5946,153.2899,182.6,2019-09,NSW,D
-12.2186,132.8662,6.3,2019-09,NT,N
-34.2181,142.3082,15.8,2019-09,NSW,D
-28.5538,149.8459,14.4,2019-09,NSW,D
-33.7015,121.4869,27.2,2019-09,WA,D
-29.8335,152.1343,19.2,2019-09,NSW,N
-30.069,152.3923,13.3,2019-09,NSW,D
-28.1028,153.1283,118.4,2019-09,NSW,D
-16.5964,127.684,17.4,2019-09,WA,D
-13.3619,132.2439,33.0,2019-09,NT,D
-14.236,126.5668,9.9,2019-09,WA,N
-12.1871,135.9373,23.3,2019-09,NT,D
-16.9765,142.9088,182.5,2019-09,QLD,D
-17.0883,143.3548,10.3,2019-09,QLD,N
-12.3221,134.8371,7.7,2019-09,NT,D
-14.0531,130.7938,62.1,2019-09,NT,D
-16.8378,122.9671,19.5,2019-09,WA,D
-15.6241,131.2162,96.9,2019-09,NT,D
-28.5031,148.2604,10.8,2019-09,NSW,D
-14.1453,130.7223,6.6,2019-09,NT,N
-28.9107,152.3431,1014.9,2019-09,NSW,D
-12.5615,135.6277,209.0,2019-09,NT,D
-16.1048,144.3985,182.2,2019-09,QLD,D
-16.6623,124.8662,43.9,2019-09,WA,D
-12.8445,130.5209,202.5,2019-09,NT,D
-29.0591,152.4365,42.1,2019-09,NSW,N
-28.9022,152.3851,64.9,2019-09,NSW,N
-30.2264,152.4732,222.0,2019-09,NSW,N
-11.3447,132.0132,34.7,2019-09,NT,D
-11.6825,142.2567,25.7,2019-09,QLD,D
-15.532,134.8051,5.2,2019-09,NT,N
-15.4582,135.6233,26.0,2019-09,NT,D
-15.1667,144.7937,47.4,2019-09,QLD,D
-30.8795,152.3825,10.8,2019-09,NSW,N
-12.122,135.5862,25.3,2019-09,NT,D
-11.8146,130.804,36.6,2019-09,NT,D
-29.7313,152.4361,41.5,2019-09,NSW,D
-16.0204,144.4726,24.7,2019-09,QLD,D
-12.5745,136.5792,8.7,2019-09,NT,D
-17.1702,143.1044,14.9,2019-09,QLD,N
-30.273,152.5369,30.5,2019-09,NSW,N
-14.5655,144.2722,28.3,2019-09,QLD,D
-15.9503,144.5386,11.3,2019-09,QLD,D
-16.4064,136.5267,28.8,2019-09,NT,D
-26.1718,153.0504,36.7,2019-09,QLD,N
-28.1,147.4019,23.3,2019-09,NSW,D
-15.6556,135.0713,29.9,2019-09,NT,D
-12.4302,133.98,13.6,2019-09,NT,D
-12.1297,132.8076,440.1,2019-09,NT,D
-16.9919,142.8779,35.5,2019-09,QLD,N
-30.1081,152.2056,41.6,2019-09,NSW,D
-17.4467,145.0494,26.3,2019-09,QLD,D
-32.2032,115.929,14.5,2019-09,WA,D
-16.0225,144.4775,66.9,2019-09,QLD,D
-11.2529,132.2477,29.0,2019-09,NT,D
-12.171,134.473,48.5,2019-09,NT,D
-34.2136,142.301,25.8,2019-09,NSW,D
-29.0661,152.3227,22.0,2019-09,NSW,D
-14.5329,126.6393,10.2,2019-09,WA,N
-30.187,152.622,20.2,2019-09,NSW,D
-16.4591,124.1342,27.4,2019-09,WA,D
-12.8945,130.5937,22.9,2019-09,NT,D
-30.8071,152.0361,40.0,2019-09,NSW,N
-13.3269,132.4095,9.6,2019-09,NT,N
-16.3858,136.0161,47.6,2019-09,NT,D
-14.1203,132.738,9.1,2019-09,NT,D
-14.0051,132.7853,7.6,2019-09,NT,N
-12.9599,130.8507,19.7,2019-09,NT,D
-28.8135,151.8677,82.2,2019-09,NSW,D
-17.0459,142.9437,22.0,2019-09,QLD,N
-28.4384,122.5572,20.7,2019-09,WA,D
-12.2834,133.0869,48.3,2019-09,NT,D
-29.1345,152.3715,43.6,2019-09,NSW,D
-11.5588,132.8549,19.0,2019-09,NT,D
-12.025,142.7835,22.4,2019-09,QLD,D
-17.8508,122.4646,10.6,2019-09,WA,N
-19.5726,144.0285,111.4,2019-09,QLD,D
-23.3738,150.576,38.5,2019-09,QLD,D
-13.8967,132.9234,22.7,2019-09,NT,D
-12.5347,130.6593,41.5,2019-09,NT,D
-15.6091,135.9848,42.5,2019-09,NT,D
-12.7467,143.3106,28.2,2019-09,QLD,N
-22.7349,150.6422,87.5,2019-09,QLD,D
-12.5141,133.8537,48.6,2019-09,NT,D
-23.3673,150.5952,40.6,2019-09,QLD,N
-12.3711,134.8125,26.6,2019-09,NT,D
-31.746,151.8658,10.0,2019-09,NSW,N
-11.5498,130.7486,32.1,2019-09,NT,D
-11.4382,130.667,14.1,2019-09,NT,D
-13.3285,130.8006,37.0,2019-09,NT,D
-17.0028,143.2895,40.5,2019-09,QLD,D
-30.8318,152.0663,14.6,2019-09,NSW,N
-30.1082,152.1614,93.2,2019-09,NSW,D
-29.0732,152.442,58.3,2019-09,NSW,N
-31.1049,146.6927,40.4,2019-09,NSW,D
-30.0768,152.3279,34.7,2019-09,NSW,D
-13.9092,132.8589,45.5,2019-09,NT,D
-12.3236,136.6688,31.7,2019-09,NT,D
-15.5872,134.5626,333.1,2019-09,NT,D
-15.4917,134.6069,1470.8,2019-09,NT,D
-19.3847,146.4964,26.4,2019-09,QLD,N
-15.3353,133.1569,14.3,2019-09,NT,N
-17.0016,143.116,32.8,2019-09,QLD,D
-13.1068,141.8075,84.7,2019-09,QLD,D
-14.183,130.7758,32.8,2019-09,NT,D
-14.5889,126.5893,34.1,2019-09,WA,D
-30.1841,152.4776,34.8,2019-09,NSW,D
-17.1439,144.5474,22.7,2019-09,QLD,D
-11.6309,130.7895,8.3,2019-09,NT,N
-11.6199,133.0967,20.6,2019-09,NT,D
-26.3922,150.6961,36.4,2019-09,QLD,N
-13.8812,132.8097,13.3,2019-09,NT,D
-22.4324,150.6178,4.8,2019-09,QLD,N
-28.9639,152.5309,60.6,2019-09,NSW,D
-29.5638,153.2198,108.5,2019-09,NSW,D
-12.6269,142.5277,9.7,2019-09,QLD,N
-17.1741,143.0328,19.0,2019-09,QLD,N
-26.3703,130.148,5.7,2019-09,NT,N
-22.46,150.6144,13.8,2019-09,QLD,N
-17.2163,145.1285,29.3,2019-09,QLD,D
-27.9419,152.3095,62.6,2019-09,QLD,D
-29.0697,152.3896,23.0,2019-09,NSW,D
-17.1654,143.384,9.3,2019-09,QLD,N
-31.7048,147.749,14.4,2019-09,NSW,D
-16.3628,136.5623,20.1,2019-09,NT,D
-28.6749,148.1675,21.5,2019-09,NSW,D
-32.7057,147.2115,37.5,2019-09,NSW,D
-15.5671,131.5956,24.5,2019-09,NT,D
-13.8323,136.676,62.6,2019-09,NT,D
-32.1754,116.1086,123.0,2019-09,WA,D
-27.6364,125.1675,33.4,2019-09,WA,D
-32.9353,116.4696,24.7,2019-09,WA,D
-12.0839,141.8641,13.8,2019-09,QLD,D
-18.3748,127.6451,16.0,2019-09,WA,D
-15.6311,134.8277,38.5,2019-09,NT,D
-28.9043,152.4301,44.2,2019-09,NSW,N
-13.301,130.7843,27.2,2019-09,NT,D
-15.5842,134.9579,12.4,2019-09,NT,D
-21.8966,119.535,200.2,2019-09,WA,D
-11.6862,142.3092,7.4,2019-09,QLD,N
-11.8118,142.3937,36.6,2019-09,QLD,D
-13.2823,130.9115,44.9,2019-09,NT,D
-15.4281,135.6248,52.4,2019-09,NT,D
-11.1289,142.5829,17.2,2019-09,QLD,D
-11.7704,132.7134,50.9,2019-09,NT,D
-14.0704,143.1198,19.7,2019-09,QLD,N
-17.9771,145.5677,53.4,2019-09,QLD,D
-22.4676,150.2915,23.8,2019-09,QLD,D
-28.9588,152.3778,49.1,2019-09,NSW,D
-11.0854,142.5063,23.8,2019-09,QLD,D
-14.5941,126.6706,63.6,2019-09,WA,D
-17.1644,143.1303,247.9,2019-09,QLD,D
-13.8178,136.6927,8.8,2019-09,NT,D
-16.0142,143.426,13.4,2019-09,QLD,N
-14.5724,144.2726,12.1,2019-09,QLD,D
-30.7793,152.1107,22.5,2019-09,NSW,N
-11.5942,130.923,22.0,2019-09,NT,D
-16.3772,135.9996,134.6,2019-09,NT,D
-16.2395,136.222,11.0,2019-09,NT,D
-12.3994,132.8193,62.3,2019-09,NT,D
-14.3246,133.0618,12.8,2019-09,NT,D
-17.1594,143.2421,51.3,2019-09,QLD,D
-29.708,152.4753,24.5,2019-09,NSW,N
-12.4296,130.9943,29.2,2019-09,NT,D
-14.5405,126.7409,174.7,2019-09,WA,D
-19.1345,146.8229,9.7,2019-09,QLD,N
-19.5417,143.9802,75.5,2019-09,QLD,N
-14.1597,129.9638,15.2,2019-09,NT,D
-15.94,144.4695,39.9,2019-09,QLD,N
-29.765,152.4176,10.5,2019-09,NSW,N
-13.3586,131.0792,13.8,2019-09,NT,D
-14.0852,129.7995,31.7,2019-09,NT,D
-15.3078,144.1928,43.1,2019-09,QLD,D
-11.0546,142.5968,25.9,2019-09,QLD,D
-14.2528,126.5649,10.6,2019-09,WA,D
-12.4266,134.1305,246.8,2019-09,NT,D
-12.3413,134.8995,13.7,2019-09,NT,D
-14.3587,126.8289,15.5,2019-09,WA,N
-28.9739,152.2892,73.7,2019-09,NSW,D
-11.6035,130.7316,17.3,2019-09,NT,D
-12.2582,134.682,20.8,2019-09,NT,D
-34.7249,149.444,6.9,2019-09,NSW,D
-30.8526,152.1341,29.6,2019-09,NSW,N
-26.2712,150.9037,18.3,2019-09,QLD,D
-38.279,145.1379,4.6,2019-09,NSW,D
-28.9784,152.3666,12.3,2019-09,NSW,N
-16.3792,136.571,41.6,2019-09,NT,D
-30.0762,152.4068,12.3,2019-09,NSW,D
-28.9955,152.4827,36.2,2019-09,NSW,N
-15.5105,134.5779,405.0,2019-09,NT,D
-29.5927,153.2762,12.9,2019-09,NSW,N
-13.9124,132.9304,16.4,2019-09,NT,N
-13.514,132.2521,37.2,2019-09,NT,N
-14.5753,126.5738,18.5,2019-09,WA,D
-13.5412,130.1211,10.0,2019-09,NT,D
-32.0708,146.1394,10.8,2019-09,NSW,D
-15.7573,136.0856,12.1,2019-09,NT,D
-18.1111,144.8088,223.5,2019-09,QLD,D
-12.4836,135.6115,83.3,2019-09,NT,D
-11.7391,142.4068,182.4,2019-09,QLD,D
-11.579,132.8147,10.1,2019-09,NT,D
-29.551,153.3211,25.3,2019-09,NSW,D
-28.2649,128.3455,8.3,2019-09,WA,N
-26.2876,150.9932,26.2,2019-09,QLD,D
-29.7746,152.046,106.5,2019-09,NSW,D
-28.4429,152.308,74.8,2019-09,NSW,D
-14.1673,126.5349,7.8,2019-09,WA,D
-29.8189,152.0907,26.3,2019-09,NSW,N
-29.78,152.1705,94.8,2019-09,NSW,D
-15.9571,144.444,48.1,2019-09,QLD,D
-16.42,124.0015,17.3,2019-09,WA,N
-28.9961,152.2412,13.2,2019-09,NSW,D
-12.8123,141.9472,9.5,2019-09,QLD,D
-15.5332,133.2118,13.3,2019-09,NT,D
-12.2946,134.5732,57.3,2019-09,NT,D
-29.8097,152.1645,16.7,2019-09,NSW,N
-14.5103,144.2219,14.2,2019-09,QLD,D
-14.3036,127.002,21.9,2019-09,WA,N
-13.895,132.8942,18.8,2019-09,NT,D
-30.0839,152.3682,58.4,2019-09,NSW,D
-29.7587,152.4961,25.3,2019-09,NSW,D
-30.764,152.0917,44.1,2019-09,NSW,D
-22.5957,150.612,317.7,2019-09,QLD,D
-29.031,152.3192,31.2,2019-09,NSW,N
-19.4351,143.9674,18.0,2019-09,QLD,D
-30.0791,152.2535,45.6,2019-09,NSW,D
-13.8638,130.7008,25.1,2019-09,NT,D
-16.4438,124.2045,46.4,2019-09,WA,D
-16.3018,133.6309,117.1,2019-09,NT,D
-15.9645,144.6239,44.3,2019-09,QLD,D
-14.5051,126.8455,12.2,2019-09,WA,D
-34.3587,142.247,11.8,2019-09,NSW,D
-12.202,133.0509,43.2,2019-09,NT,D
-27.3299,148.4269,50.2,2019-09,QLD,D
-12.3885,132.86,19.6,2019-09,NT,N
-32.0589,115.7934,2.6,2019-09,WA,D
-29.0814,152.3151,29.4,2019-09,NSW,N
-12.6781,135.2388,35.4,2019-09,NT,D
-12.0296,142.2645,13.2,2019-09,QLD,D
-30.2698,152.5916,95.8,2019-09,NSW,D
-31.4133,148.8968,35.3,2019-09,NSW,D
-11.3217,132.077,12.7,2019-09,NT,D
-29.0249,152.4803,481.5,2019-09,NSW,N
-32.8173,115.9712,34.1,2019-09,WA,D
-29.4987,148.5703,51.1,2019-09,NSW,D
-26.8674,152.2263,42.3,2019-09,QLD,D
-17.3072,125.4802,52.6,2019-09,WA,D
-12.1217,133.021,38.9,2019-09,NT,D
-12.665,142.3242,32.9,2019-09,QLD,D
-12.4824,133.9635,8.9,2019-09,NT,D
-15.6268,131.2767,6.5,2019-09,NT,N
-18.1063,144.8405,31.4,2019-09,QLD,D
-30.0636,152.4168,197.9,2019-09,NSW,D
-14.7572,126.4545,287.0,2019-09,WA,D
-21.6836,134.5089,285.2,2019-09,NT,D
-12.7204,143.1293,28.0,2019-09,QLD,D
-11.6216,142.2051,5.3,2019-09,QLD,N
-22.4838,150.6315,271.5,2019-09,QLD,D
-15.5918,134.8705,59.4,2019-09,NT,D
-22.541,150.3079,42.0,2019-09,QLD,D
-13.8288,136.6983,22.6,2019-09,NT,D
-17.1193,143.1842,15.6,2019-09,QLD,D
-15.7744,130.5611,12.7,2019-09,NT,D
-31.3273,146.3969,76.6,2019-09,NSW,D
-14.4648,126.8882,13.9,2019-09,WA,N
-17.4104,145.1111,47.7,2019-09,QLD,D
-30.2896,152.5307,14.6,2019-09,NSW,N
-14.2371,132.8568,16.6,2019-09,NT,N
-16.5643,122.864,16.8,2019-09,WA,D
-12.1098,132.9382,56.0,2019-09,NT,D
-30.0037,152.3166,11.4,2019-09,NSW,N
-28.9453,152.2843,27.2,2019-09,NSW,D
-15.956,144.561,19.0,2019-09,QLD,D
-12.5688,131.1892,56.2,2019-09,NT,D
-27.9367,152.5353,12.4,2019-09,QLD,D
-12.8314,142.9839,36.0,2019-09,QLD,D
-26.8832,150.5451,32.6,2019-09,QLD,N
-12.7399,143.3058,55.9,2019-09,QLD,D
-16.9201,142.7921,15.9,2019-09,QLD,D
-23.3719,150.5983,136.1,2019-09,QLD,D
-29.5895,153.2593,11.4,2019-09,NSW,D
-16.1627,136.5779,29.6,2019-09,NT,D
-13.0068,130.9084,63.1,2019-09,NT,D
-28.9394,152.2782,22.1,2019-09,NSW,D
-16.9908,125.1425,15.3,2019-09,WA,N
-22.4869,150.2091,47.3,2019-09,QLD,D
-30.8218,152.1185,127.6,2019-09,NSW,D
-14.6181,141.6592,23.8,2019-09,QLD,D
-31.0639,115.6544,194.3,2019-09,WA,D
-17.0445,145.569,10.2,2019-09,QLD,D
-13.898,130.6917,20.7,2019-09,NT,D
-29.0056,152.3724,61.1,2019-09,NSW,N
-28.6327,151.9026,58.4,2019-09,NSW,N
-17.1793,145.1178,12.2,2019-09,QLD,D
-29.7536,152.1493,104.8,2019-09,NSW,D
-14.1452,130.7934,5.6,2019-09,NT,N
-34.2143,147.6074,3.0,2019-09,NSW,D
-11.6718,131.018,12.5,2019-09,NT,D
-14.0621,130.8525,30.0,2019-09,NT,D
-25.939,150.8697,19.1,2019-09,QLD,D
-10.9658,142.295,68.0,2019-09,QLD,D
-15.9927,144.536,34.6,2019-09,QLD,D
-34.2258,142.2935,28.2,2019-09,NSW,D
-37.3409,141.4867,10.9,2019-09,NSW,N
-15.3792,134.214,20.8,2019-09,NT,D
-15.9718,144.5153,7.9,2019-09,QLD,D
-21.7912,134.6675,192.7,2019-09,NT,D
-16.9106,142.8849,17.2,2019-09,QLD,N
-30.2106,152.1895,60.9,2019-09,NSW,D
-12.6202,142.4987,40.9,2019-09,QLD,D
-14.0787,130.8071,11.3,2019-09,NT,D
-12.1588,134.7021,19.4,2019-09,NT,N
-31.1141,115.6603,70.0,2019-09,WA,D
-11.121,142.5101,65.5,2019-09,QLD,D
-30.0474,152.3786,59.1,2019-09,NSW,D
-30.8899,152.3983,19.8,2019-09,NSW,D
-18.2792,142.4893,72.3,2019-09,QLD,D
-13.259,130.7173,17.3,2019-09,NT,N
-11.3517,132.3771,42.9,2019-09,NT,D
-12.4756,136.2581,8.1,2019-09,NT,N
-13.4376,130.8193,69.7,2019-09,NT,D
-16.0535,136.6634,50.4,2019-09,NT,D
-16.3548,136.5486,21.3,2019-09,NT,D
-33.6367,122.9317,11.4,2019-09,WA,D
-13.2797,130.729,184.5,2019-09,NT,D
-16.3515,133.7198,32.5,2019-09,NT,D
-16.9454,142.9891,59.7,2019-09,QLD,N
-11.0429,142.6205,29.7,2019-09,QLD,D
-26.1527,153.074,77.9,2019-09,QLD,N
-13.5278,130.0934,622.0,2019-09,NT,D
-16.8651,142.8082,170.6,2019-09,QLD,D
-28.66,152.6466,71.3,2019-09,NSW,D
-14.0328,130.8058,68.0,2019-09,NT,D
-23.7712,150.9815,37.1,2019-09,QLD,D
-11.7218,142.5442,74.0,2019-09,QLD,D
-42.6372,145.5623,23.3,2019-09,VIC,D
-26.2282,150.9242,7.7,2019-09,QLD,D
-28.4404,152.325,26.4,2019-09,NSW,D
-23.7684,150.9807,17.5,2019-09,QLD,D
-25.9082,150.8499,21.4,2019-09,QLD,N
-11.6073,132.7751,92.6,2019-09,NT,D
-15.5949,131.292,25.2,2019-09,NT,D
-29.105,152.3835,91.3,2019-09,NSW,D
-30.138,152.3328,26.5,2019-09,NSW,N
-28.9594,152.4252,37.3,2019-09,NSW,N
-12.1468,141.8679,45.8,2019-09,QLD,D
-30.0775,152.1577,7.0,2019-09,NSW,D
-29.7404,152.4801,34.3,2019-09,NSW,D
-14.3134,143.5625,35.4,2019-09,QLD,D
-29.5747,153.2921,44.5,2019-09,NSW,D
-42.6354,145.5745,29.7,2019-09,VIC,D
-14.0877,130.8085,32.1,2019-09,NT,D
-30.0605,152.2693,9.2,2019-09,NSW,N
-30.0892,152.1462,55.3,2019-09,NSW,D
-16.9547,125.0786,129.1,2019-09,WA,D
-12.3582,135.5472,8.6,2019-09,NT,D
-11.8186,130.9252,15.0,2019-09,NT,D
-28.9939,152.4984,63.9,2019-09,NSW,D
-16.0294,144.4042,38.5,2019-09,QLD,D
-11.7595,132.7224,64.7,2019-09,NT,D
-29.7395,152.0792,23.3,2019-09,NSW,N
-11.0492,142.5693,15.9,2019-09,QLD,D
-13.4784,141.8817,37.5,2019-09,QLD,D
-15.6649,131.2622,44.6,2019-09,NT,D
-22.5606,150.2926,16.1,2019-09,QLD,D
-17.2118,142.6275,17.2,2019-09,QLD,N
-29.8182,152.1271,209.9,2019-09,NSW,D
-33.9254,116.1434,78.4,2019-09,WA,D
-34.2248,142.3008,25.3,2019-09,NSW,D
-16.8406,138.7374,20.6,2019-09,QLD,D
-29.7505,152.5126,10.6,2019-09,NSW,N
-28.9009,152.3116,42.8,2019-09,NSW,N
-17.0026,143.2604,183.6,2019-09,QLD,D
-16.3967,124.0104,41.1,2019-09,WA,D
-28.1951,153.1933,23.3,2019-09,NSW,D
-15.3064,144.1828,5.8,2019-09,QLD,D
-13.3833,132.3678,17.3,2019-09,NT,N
-17.1899,142.6013,10.1,2019-09,QLD,N
-12.1607,134.3633,30.5,2019-09,NT,D
-13.9805,130.8295,26.2,2019-09,NT,D
-13.3708,132.2493,12.1,2019-09,NT,N
-12.802,130.5789,52.3,2019-09,NT,D
-14.1949,136.5124,11.6,2019-09,NT,D
-12.2365,133.0201,18.9,2019-09,NT,D
-29.54,153.3302,1134.6,2019-09,NSW,D
-42.6174,145.5698,14.4,2019-09,VIC,D
-14.6278,126.6052,36.3,2019-09,WA,D
-11.6666,142.3355,64.8,2019-09,QLD,D
-28.2714,152.0012,36.6,2019-09,NSW,D
-13.9252,132.814,7.2,2019-09,NT,D
-22.5474,150.3072,21.9,2019-09,QLD,N
-15.8782,130.2744,32.9,2019-09,NT,D
-11.331,132.3967,32.4,2019-09,NT,D
-18.1018,144.6787,11.7,2019-09,QLD,N
-32.9739,146.4485,24.8,2019-09,NSW,D
-21.6976,134.5121,41.8,2019-09,NT,D
-12.9213,141.6616,14.5,2019-09,QLD,N
-13.2633,130.8718,38.0,2019-09,NT,D
-26.5811,152.5648,20.0,2019-09,QLD,D
-12.9164,134.794,32.2,2019-09,NT,D
-15.2821,134.4577,26.7,2019-09,NT,D
-28.937,152.3513,33.9,2019-09,NSW,D
-15.1644,144.8077,55.7,2019-09,QLD,D
-31.8621,115.8982,2.7,2019-09,WA,D
-12.0442,141.8257,14.1,2019-09,QLD,D
-15.5842,134.622,86.1,2019-09,NT,D
-30.0797,152.4175,25.4,2019-09,NSW,N
-12.596,142.3738,16.9,2019-11,QLD,D
-29.9897,152.5761,14.8,2019-11,NSW,N
-18.7888,145.7133,16.9,2019-11,QLD,N
-16.3563,123.7404,13.9,2019-11,WA,N
-20.9281,119.1185,23.9,2019-11,WA,D
-29.2648,152.7232,11.0,2019-11,NSW,N
-30.7784,152.8371,140.3,2019-11,NSW,D
-15.396,127.8554,283.3,2019-11,WA,D
-31.1272,152.1767,10.4,2019-11,NSW,N
-29.4326,152.4479,83.7,2019-11,NSW,D
-31.0674,152.5444,21.9,2019-11,NSW,N
-31.329,152.0253,20.4,2019-11,NSW,N
-14.9202,127.6084,149.1,2019-11,WA,D
-29.4622,152.0369,8.2,2019-11,NSW,N
-33.2718,150.6119,129.4,2019-11,NSW,D
-15.6041,143.7884,16.8,2019-11,QLD,N
-33.1456,150.3247,31.3,2019-11,NSW,D
-29.2408,151.4516,9.4,2019-11,NSW,N
-14.6369,126.4008,149.2,2019-11,WA,D
-30.1046,152.9188,38.3,2019-11,NSW,D
-15.6461,142.4804,18.4,2019-11,QLD,D
-37.3139,148.2775,39.5,2019-11,NSW,D
-31.1222,151.9642,127.5,2019-11,NSW,D
-29.9148,152.7027,126.5,2019-11,NSW,N
-31.7587,152.046,31.8,2019-11,NSW,D
-31.0029,151.9603,66.9,2019-11,NSW,D
-29.957,152.4285,40.5,2019-11,NSW,D
-30.0997,151.5878,59.7,2019-11,NSW,D
-33.222,150.9071,22.7,2019-11,NSW,N
-30.8768,152.7354,21.4,2019-11,NSW,N
-29.7509,152.3089,8.5,2019-11,NSW,N
-31.9711,122.9173,63.1,2019-11,WA,D
-15.935,125.2872,33.4,2019-11,WA,D
-28.2262,152.6872,45.4,2019-11,NSW,D
-31.8286,152.1858,370.2,2019-11,NSW,D
-15.0469,127.4568,25.2,2019-11,WA,N
-29.2146,153.3111,2714.3,2019-11,NSW,N
-15.5289,144.2303,46.3,2019-11,QLD,D
-31.7285,152.0092,46.8,2019-11,NSW,N
-30.1079,152.5,35.2,2019-11,NSW,D
-29.1878,151.6307,32.7,2019-11,NSW,D
-28.1225,152.354,35.6,2019-11,NSW,D
-11.4649,142.3198,28.9,2019-11,QLD,D
-30.0127,151.3812,65.5,2019-11,NSW,N
-29.7419,151.9836,67.5,2019-11,NSW,D
-33.0982,150.3063,9.0,2019-11,NSW,N
-33.0456,150.4981,46.6,2019-11,NSW,D
-30.0452,152.3707,30.6,2019-11,NSW,D
-15.8171,142.4377,38.7,2019-11,QLD,N
-30.7091,152.2195,94.9,2019-11,NSW,D
-28.9699,153.4395,17.4,2019-11,NSW,D
-11.5167,142.5233,11.1,2019-11,QLD,D
-15.3985,143.8398,19.3,2019-11,QLD,D
-15.444,143.9073,18.7,2019-11,QLD,D
-15.1654,125.7893,84.1,2019-11,WA,D
-33.2504,150.3298,121.9,2019-11,NSW,D
-31.5469,152.2299,25.5,2019-11,NSW,D
-31.3554,152.526,23.4,2019-11,NSW,N
-14.0052,141.6431,26.3,2019-11,QLD,D
-31.5192,151.7912,24.2,2019-11,NSW,D
-30.4677,152.2183,53.6,2019-11,NSW,N
-15.4784,126.0463,26.3,2019-11,WA,D
-28.1225,152.269,92.1,2019-11,NSW,D
-33.2422,150.6226,66.5,2019-11,NSW,N
-15.8043,143.7875,76.8,2019-11,QLD,D
-29.2305,151.408,50.4,2019-11,NSW,D
-29.8039,153.1873,23.5,2019-11,NSW,N
-31.3453,152.2777,12.0,2019-11,NSW,D
-36.561,147.2318,10.2,2019-11,NSW,N
-12.0759,136.4618,44.4,2019-11,NT,D
-30.3915,151.0053,122.6,2019-11,NSW,N
-18.501,123.9125,287.6,2019-11,WA,N
-31.3174,152.5038,23.8,2019-11,NSW,N
-31.0148,151.1308,275.5,2019-11,NSW,D
-12.7536,136.4665,52.3,2019-11,NT,D
-12.5215,141.813,21.2,2019-11,QLD,D
-16.3556,141.416,8.7,2019-11,QLD,N
-29.8252,152.5968,12.0,2019-11,NSW,N
-33.0868,150.2775,135.5,2019-11,NSW,D
-30.9641,124.0953,48.5,2019-11,WA,D
-23.0786,150.5962,105.5,2019-11,QLD,D
-29.2791,151.4562,46.1,2019-11,NSW,D
-37.3242,148.2829,12.7,2019-11,NSW,N
-14.7878,127.4991,96.2,2019-11,WA,D
-29.7148,152.251,13.7,2019-11,NSW,N
-31.2474,124.108,27.6,2019-11,WA,D
-30.7065,152.1363,17.7,2019-11,NSW,D
-30.684,152.6925,381.4,2019-11,NSW,D
-15.8113,125.3228,321.5,2019-11,WA,D
-29.6638,152.2771,27.4,2019-11,NSW,D
-30.9515,151.9322,38.1,2019-11,NSW,N
-12.3772,131.5527,354.1,2019-11,NT,D
-28.3519,152.7412,10.8,2019-11,NSW,N
-28.8251,150.8465,45.6,2019-11,NSW,D
-13.1758,130.5421,29.3,2019-11,NT,D
-31.8644,152.1483,18.4,2019-11,NSW,N
-15.7924,144.0376,55.8,2019-11,QLD,D
-12.3855,131.549,75.8,2019-11,NT,D
-31.2959,123.6644,238.4,2019-11,WA,D
-31.6641,152.2338,30.7,2019-11,NSW,D
-14.8137,126.9934,72.3,2019-11,WA,D
-30.0895,152.7106,19.6,2019-11,NSW,N
-31.0417,124.1116,29.9,2019-11,WA,D
-15.6701,125.0834,19.0,2019-11,WA,N
-30.0494,152.4732,7.6,2019-11,NSW,N
-30.064,151.6066,173.4,2019-11,NSW,N
-31.3319,152.3481,10.4,2019-11,NSW,N
-30.6133,152.1705,24.6,2019-11,NSW,N
-29.1247,151.6223,4.9,2019-11,NSW,N
-15.9071,125.6423,108.5,2019-11,WA,D
-31.3484,152.4275,43.9,2019-11,NSW,N
-15.6948,125.1668,23.1,2019-11,WA,D
-29.2124,151.7955,8.5,2019-11,NSW,N
-30.7955,152.7857,69.6,2019-11,NSW,D
-28.0408,152.355,60.8,2019-11,NSW,D
-26.757,152.3732,17.3,2019-11,QLD,D
-31.09,124.1464,24.9,2019-11,WA,N
-31.1885,152.2394,21.8,2019-11,NSW,N
-16.797,145.3799,36.3,2019-11,QLD,D
-28.1086,152.3127,61.7,2019-11,NSW,D
-31.0584,152.0009,137.9,2019-11,NSW,D
-16.5419,126.7236,12.2,2019-11,WA,N
-15.5879,144.4489,18.3,2019-11,QLD,D
-33.161,150.6021,14.1,2019-11,NSW,D
-31.2792,151.9827,49.3,2019-11,NSW,N
-29.6535,152.0457,24.1,2019-11,NSW,D
-15.5103,124.9112,46.2,2019-11,WA,N
-13.9551,129.7857,15.8,2019-11,NT,N
-29.1858,152.8817,11.1,2019-11,NSW,N
-30.438,152.2507,516.4,2019-11,NSW,N
-13.2101,130.2538,66.1,2019-11,NT,N
-27.1361,128.6284,167.9,2019-11,WA,D
-30.4742,152.1443,60.5,2019-11,NSW,N
-29.9763,152.7619,90.6,2019-11,NSW,D
-33.2444,150.5311,86.0,2019-11,NSW,D
-16.8888,124.0762,46.3,2019-11,WA,D
-29.1784,151.4556,39.3,2019-11,NSW,D
-15.9439,125.5753,6.2,2019-11,WA,N
-29.3432,151.6732,65.4,2019-11,NSW,N
-20.2644,148.4395,316.8,2019-11,QLD,D
-23.3191,118.9381,7.3,2019-11,WA,N
-31.6496,151.8501,18.0,2019-11,NSW,N
-29.9201,152.2921,133.8,2019-11,NSW,D
-12.449,136.6795,19.1,2019-11,NT,D
-32.942,150.9021,16.2,2019-11,NSW,N
-16.5991,123.6641,69.9,2019-11,WA,D
-30.9839,152.2012,93.4,2019-11,NSW,D
-31.2145,152.4171,30.4,2019-11,NSW,D
-28.1384,152.4827,623.9,2019-11,NSW,D
-33.0405,150.2417,24.8,2019-11,NSW,N
-14.0245,131.7722,169.5,2019-11,NT,D
-20.245,139.6826,34.0,2019-11,QLD,D
-16.6104,136.3264,22.9,2019-11,NT,D
-30.1774,152.9372,15.1,2019-11,NSW,N
-16.583,144.8796,270.6,2019-11,QLD,D
-29.8959,152.8407,86.0,2019-11,NSW,N
-12.8767,130.4994,31.7,2019-11,NT,D
-31.4288,121.0651,177.6,2019-11,WA,D
-34.0873,150.2392,192.7,2019-11,NSW,D
-16.6877,123.7691,45.3,2019-11,WA,D
-29.303,144.9367,18.6,2019-11,NSW,N
-15.3093,143.8262,70.6,2019-11,QLD,D
-15.8832,125.3613,12.2,2019-11,WA,D
-18.8583,124.3107,36.9,2019-11,WA,D
-29.6802,152.3067,284.1,2019-11,NSW,N
-30.421,151.0003,112.0,2019-11,NSW,D
-29.3651,151.6698,12.7,2019-11,NSW,N
-27.2188,152.2355,11.0,2019-11,QLD,D
-30.8495,151.8164,80.7,2019-11,NSW,D
-15.4554,142.7868,95.6,2019-11,QLD,D
-15.4624,125.3084,38.0,2019-11,WA,N
-11.428,130.5291,19.9,2019-11,NT,N
-27.3357,128.9822,597.4,2019-11,WA,D
-29.1891,153.2516,30.5,2019-11,NSW,D
-26.5523,152.2515,14.6,2019-11,QLD,N
-31.287,151.9516,71.6,2019-11,NSW,N
-30.8497,152.712,19.1,2019-11,NSW,N
-31.291,123.9913,22.5,2019-11,WA,D
-29.9858,152.7522,59.8,2019-11,NSW,N
-29.1761,151.4511,16.7,2019-11,NSW,N
-29.3494,153.1901,37.3,2019-11,NSW,D
-31.1954,123.5916,39.3,2019-11,WA,D
-25.6288,146.4198,213.7,2019-11,QLD,N
-34.0603,150.2462,524.8,2019-11,NSW,D
-31.7018,152.085,12.2,2019-11,NSW,D
-31.1176,124.0679,40.4,2019-11,WA,N
-16.2072,124.8495,174.4,2019-11,WA,D
-18.3961,126.7587,23.5,2019-11,WA,N
-35.4976,150.1313,34.1,2019-11,NSW,N
-24.4641,117.8655,55.1,2019-11,WA,D
-23.103,150.6426,29.2,2019-11,QLD,D
-15.0713,125.9833,8.4,2019-11,WA,N
-29.1468,153.2535,9.1,2019-11,NSW,N
-29.1318,153.0884,21.4,2019-11,NSW,D
-29.2792,153.2802,161.2,2019-11,NSW,N
-31.3914,152.1971,5.8,2019-11,NSW,N
-15.6419,125.568,270.5,2019-11,WA,D
-28.0542,152.3731,15.8,2019-11,NSW,N
-30.5758,152.2328,97.0,2019-11,NSW,D
-18.4842,123.9085,319.5,2019-11,WA,N
-31.0031,152.5682,408.8,2019-11,NSW,D
-13.9313,129.796,12.5,2019-11,NT,D
-30.7131,152.3171,41.0,2019-11,NSW,D
-31.4875,124.0794,44.6,2019-11,WA,D
-31.4693,124.0526,80.8,2019-11,WA,D
-31.2216,123.5605,29.4,2019-11,WA,D
-14.9049,127.5365,13.3,2019-11,WA,N
-11.5649,142.5099,23.7,2019-11,QLD,D
-12.8237,136.1136,41.2,2019-11,NT,D
-13.0485,143.1668,53.3,2019-11,QLD,D
-37.6868,147.9293,225.4,2019-11,NSW,D
-15.7172,130.2067,33.5,2019-11,NT,D
-25.1364,152.5085,191.1,2019-11,QLD,D
-33.2233,150.7667,23.7,2019-11,NSW,D
-31.3031,151.956,73.0,2019-11,NSW,N
-18.1342,124.2674,63.0,2019-11,WA,D
-14.0175,131.6738,12.1,2019-11,NT,N
-15.7796,128.8656,234.5,2019-11,WA,D
-15.9548,125.5452,40.9,2019-11,WA,D
-31.6177,151.7966,25.6,2019-11,NSW,N
-15.8135,142.5899,60.2,2019-11,QLD,N
-29.9613,152.7118,15.8,2019-11,NSW,N
-13.6705,134.1441,19.8,2019-11,NT,D
-14.304,129.4881,124.4,2019-11,NT,D
-14.8964,126.3982,36.9,2019-11,WA,D
-33.1388,150.6946,138.9,2019-11,NSW,D
-32.2941,150.1707,17.7,2019-11,NSW,N
-14.9937,126.4142,36.0,2019-11,WA,D
-29.6221,152.2312,45.9,2019-11,NSW,D
-30.838,124.1783,24.3,2019-11,WA,N
-29.8709,152.3248,10.0,2019-11,NSW,N
-16.3962,136.1955,8.6,2019-11,NT,N
-29.969,152.9223,9.0,2019-11,NSW,N
-29.8389,118.5189,30.8,2019-11,WA,N
-12.997,143.2123,50.4,2019-11,QLD,D
-15.5677,124.6937,12.1,2019-11,WA,D
-31.4525,123.673,23.0,2019-11,WA,N
-37.3501,148.279,450.0,2019-11,NSW,N
-33.1856,150.7805,6.8,2019-11,NSW,N
-31.3672,152.6121,22.1,2019-11,NSW,N
-29.607,152.2498,20.5,2019-11,NSW,N
-15.1935,127.4099,12.5,2019-11,WA,N
-35.3918,149.5317,75.9,2019-11,NSW,D
-30.0236,152.9218,24.1,2019-11,NSW,N
-29.192,153.0582,25.0,2019-11,NSW,N
-21.393,123.4115,25.7,2019-11,WA,D
-15.8106,143.9903,10.6,2019-11,QLD,D
-30.7571,152.4236,11.7,2019-11,NSW,D
-14.0145,131.8573,22.1,2019-11,NT,D
-29.3489,152.8372,5.8,2019-11,NSW,D
-31.1547,151.9638,113.1,2019-11,NSW,D
-31.5911,151.8119,150.8,2019-11,NSW,D
-29.1868,152.357,13.1,2019-11,NSW,D
-30.9971,151.1424,25.3,2019-11,NSW,N
-27.9458,152.3582,54.6,2019-11,QLD,D
-30.9267,152.6488,65.2,2019-11,NSW,D
-14.0395,129.8408,24.1,2019-11,NT,D
-30.822,124.1618,46.2,2019-11,WA,N
-33.197,150.3501,158.0,2019-11,NSW,D
-12.9692,132.7505,76.1,2019-11,NT,D
-29.3669,151.6698,16.1,2019-11,NSW,N
-31.037,152.2018,193.8,2019-11,NSW,D
-35.5226,150.1715,9.8,2019-11,NSW,D
-30.0189,152.7194,162.6,2019-11,NSW,N
-31.2258,123.5943,86.7,2019-11,WA,D
-29.3169,152.8818,639.2,2019-11,NSW,D
-14.9883,128.6284,111.9,2019-11,WA,D
-15.8664,125.6085,30.9,2019-11,WA,N
-26.6509,130.2159,11.1,2019-11,NT,D
-33.2288,150.3543,35.1,2019-11,NSW,N
-30.7596,151.9029,94.0,2019-11,NSW,N
-29.7086,152.2735,260.6,2019-11,NSW,N
-29.3705,153.175,50.3,2019-11,NSW,D
-14.122,126.9762,19.1,2019-11,WA,D
-15.9349,125.4356,5.7,2019-11,WA,N
-12.4613,136.6725,23.3,2019-11,NT,D
-33.2815,150.6504,73.9,2019-11,NSW,D
-31.3536,152.3755,28.7,2019-11,NSW,D
-27.2742,128.7293,41.3,2019-11,WA,D
-30.8591,151.8545,6.9,2019-11,NSW,N
-29.151,151.5669,458.0,2019-11,NSW,N
-28.305,152.5537,18.9,2019-11,NSW,D
-33.1588,150.6344,10.1,2019-11,NSW,N
-16.5948,123.6936,46.4,2019-11,WA,D
-14.9972,131.4578,35.2,2019-11,NT,D
-14.3311,126.5309,40.6,2019-11,WA,D
-31.2566,152.3327,13.1,2019-11,NSW,N
-30.0189,151.3602,32.5,2019-11,NSW,D
-29.9885,152.1124,98.0,2019-11,NSW,D
-29.6761,152.0411,7.6,2019-11,NSW,N
-18.4458,123.7481,27.0,2019-11,WA,D
-19.3025,142.659,25.0,2019-11,QLD,D
-30.6388,147.5476,7.0,2019-11,NSW,D
-31.2547,152.0411,6.8,2019-11,NSW,N
-28.2945,152.6134,26.6,2019-11,NSW,N
-31.8057,152.0844,16.3,2019-11,NSW,N
-33.2488,150.6339,166.2,2019-11,NSW,D
-15.6747,129.4725,9.2,2019-11,NT,N
-16.5821,145.0119,8.4,2019-11,QLD,N
-31.728,152.176,15.0,2019-11,NSW,D
-30.8818,152.6346,52.4,2019-11,NSW,D
-33.1967,150.3233,70.6,2019-11,NSW,D
-28.2967,152.6009,11.9,2019-11,NSW,N
-32.0213,152.3043,199.5,2019-11,NSW,D
-29.2171,152.7544,182.5,2019-11,NSW,D
-13.2164,130.2763,287.7,2019-11,NT,N
-33.3169,150.5794,26.0,2019-11,NSW,D
-31.769,152.0462,27.6,2019-11,NSW,D
-29.1764,151.7252,27.1,2019-11,NSW,N
-12.586,136.6308,36.9,2019-11,NT,D
-30.7353,152.7303,19.6,2019-11,NSW,N
-31.4709,124.017,9.0,2019-11,WA,N
-29.2912,153.1573,48.3,2019-11,NSW,N
-29.206,152.9158,19.1,2019-11,NSW,N
-11.4555,142.3667,27.2,2019-11,QLD,D
-31.7764,152.2541,34.5,2019-11,NSW,D
-29.335,152.5288,168.0,2019-11,NSW,D
-33.08,123.5994,28.6,2019-11,WA,D
-29.2964,152.5946,183.7,2019-11,NSW,D
-28.4601,125.3364,427.5,2019-11,WA,N
-30.9558,152.3168,28.9,2019-11,NSW,N
-14.9449,126.2035,9.0,2019-11,WA,N
-31.229,123.573,41.0,2019-11,WA,D
-31.1607,123.6005,762.5,2019-11,WA,D
-29.2702,153.0946,45.6,2019-11,NSW,D
-30.8964,152.6411,15.2,2019-11,NSW,D
-15.7027,144.2722,36.8,2019-11,QLD,D
-29.6289,152.2959,749.2,2019-11,NSW,D
-31.7318,152.2487,649.6,2019-11,NSW,D
-30.9869,152.0994,118.4,2019-11,NSW,D
-15.7651,145.0796,23.7,2019-11,QLD,D
-29.3931,152.5857,54.2,2019-11,NSW,D
-29.7829,152.5734,105.5,2019-11,NSW,D
-31.3468,152.5904,9.5,2019-11,NSW,N
-14.8528,131.2859,34.6,2019-11,NT,D
-26.1961,152.3249,21.9,2019-11,QLD,D
-30.0429,152.6941,170.9,2019-11,NSW,D
-29.7866,152.3173,86.6,2019-11,NSW,D
-27.9781,152.4069,661.7,2019-11,QLD,D
-16.4687,126.7347,69.7,2019-11,WA,N
-30.8403,152.241,169.4,2019-11,NSW,D
-30.9505,152.0447,33.1,2019-11,NSW,N
-31.2135,123.6138,638.8,2019-11,WA,D
-29.1396,152.5854,498.4,2019-11,NSW,D
-12.4754,135.0001,12.1,2019-11,NT,D
-31.5054,152.3746,11.7,2019-11,NSW,N
-27.2785,152.1262,82.9,2019-11,QLD,D
-16.5923,136.1691,67.8,2019-11,NT,D
-29.8969,152.3905,25.0,2019-11,NSW,D
-31.0007,151.9734,208.1,2019-11,NSW,D
-28.2982,152.7032,69.1,2019-11,NSW,N
-18.5182,145.8951,26.2,2019-11,QLD,D
-15.0114,127.2325,52.9,2019-11,WA,D
-30.9111,151.9606,142.5,2019-11,NSW,D
-35.3829,149.6283,157.4,2019-11,NSW,N
-29.1243,153.257,8.6,2019-11,NSW,N
-12.2676,132.5412,7.1,2019-11,NT,N
-31.029,152.626,16.7,2019-11,NSW,D
-31.3304,152.034,43.8,2019-11,NSW,D
-30.9737,151.1712,17.0,2019-11,NSW,D
-31.2369,152.0238,21.7,2019-11,NSW,D
-31.0179,152.1963,81.5,2019-11,NSW,D
-30.8344,151.9042,1237.3,2019-11,NSW,D
-31.6921,151.8841,55.3,2019-11,NSW,N
-15.3116,143.9143,28.9,2019-11,QLD,D
-33.1124,150.3097,12.4,2019-11,NSW,D
-29.2852,151.5792,394.9,2019-11,NSW,D
-12.9696,136.3549,18.4,2019-11,NT,D
-33.0584,150.4937,30.9,2019-11,NSW,N
-29.1955,151.6286,114.9,2019-11,NSW,D
-31.7472,152.172,47.9,2019-11,NSW,D
-30.6275,152.3251,8.1,2019-11,NSW,N
-29.8091,152.4779,52.1,2019-11,NSW,N
-31.0196,152.2069,19.1,2019-11,NSW,D
-30.8715,152.6908,27.5,2019-11,NSW,D
-33.1699,150.6357,16.4,2019-11,NSW,N
-15.8835,125.28,10.4,2019-11,WA,N
-31.6433,152.0045,97.5,2019-11,NSW,D
-31.3925,152.1439,9.6,2019-11,NSW,N
-29.2469,151.6472,38.6,2019-11,NSW,D
-31.2056,152.3727,18.0,2019-11,NSW,N
-28.659,127.8884,15.2,2019-11,WA,N
-28.0899,152.4108,68.1,2019-11,NSW,D
-29.2339,151.5758,194.5,2019-11,NSW,D
-31.1168,151.9845,30.4,2019-11,NSW,N
-15.1841,127.4019,88.4,2019-11,WA,N
-29.8355,152.6,44.1,2019-11,NSW,D
-30.8015,122.9689,97.2,2019-11,WA,D
-15.6634,143.8833,229.0,2019-11,QLD,D
-30.8867,152.6345,68.3,2019-11,NSW,N
-37.2785,148.3218,33.8,2019-11,NSW,N
-30.9303,152.7256,31.6,2019-11,NSW,N
-30.1662,152.678,42.8,2019-11,NSW,D
-30.7758,152.8017,45.3,2019-11,NSW,D
-31.5708,151.8724,30.7,2019-11,NSW,D
-31.0484,151.9626,25.8,2019-11,NSW,N
-14.438,131.3213,47.1,2019-11,NT,D
-31.7903,151.9608,62.6,2019-11,NSW,D
-16.9615,124.1989,213.6,2019-11,WA,D
-14.6889,126.3143,77.4,2019-11,WA,D
-30.1458,152.9692,24.2,2019-11,NSW,D
-15.7461,144.0971,4.9,2019-11,QLD,N
-33.3712,150.769,20.8,2019-11,NSW,D
-19.0566,144.5285,28.6,2019-11,QLD,N
-30.6982,152.2864,15.9,2019-11,NSW,N
-31.1125,151.9593,32.6,2019-11,NSW,D
-31.8167,152.1949,121.3,2019-11,NSW,D
-31.2444,152.4343,21.8,2019-11,NSW,N
-14.6205,126.214,51.2,2019-11,WA,D
-16.9238,124.2559,81.9,2019-11,WA,D
-31.6491,151.7902,5.0,2019-11,NSW,N
-33.0912,150.7286,161.4,2019-11,NSW,D
-28.6391,152.2147,71.1,2019-11,NSW,D
-30.1743,152.625,17.4,2019-11,NSW,D
-31.3141,151.9587,32.0,2019-11,NSW,D
-14.8588,126.4921,6.5,2019-11,WA,N
-17.7748,122.3083,37.2,2019-11,WA,D
-15.5792,124.8264,64.8,2019-11,WA,D
-15.6882,143.9372,19.7,2019-11,QLD,D
-37.326,148.2945,57.9,2019-11,NSW,N
-30.7452,152.13,118.1,2019-11,NSW,D
-30.8296,124.061,105.0,2019-11,WA,D
-14.237,135.7507,91.4,2019-11,NT,D
-22.6605,150.2587,21.5,2019-11,QLD,D
-31.796,152.1047,30.8,2019-11,NSW,D
-15.6408,143.9633,17.9,2019-11,QLD,D
-17.9047,122.6789,119.9,2019-11,WA,D
-33.0081,150.555,45.1,2019-11,NSW,D
-14.9355,126.9544,6.5,2019-11,WA,N
-31.4293,123.7133,156.1,2019-11,WA,D
-33.8479,150.8895,10.0,2019-11,NSW,D
-31.1063,152.6206,32.9,2019-11,NSW,D
-31.0423,151.9525,333.9,2019-11,NSW,D
-33.1215,150.6227,43.9,2019-11,NSW,D
-29.8198,152.553,603.0,2019-11,NSW,N
-27.7131,124.3864,14.7,2019-11,WA,N
-36.6,147.2739,8.0,2019-11,NSW,N
-11.0973,142.2335,137.8,2019-11,QLD,D
-29.8784,152.7897,4.5,2019-11,NSW,N
-31.6754,152.3315,29.5,2019-11,NSW,N
-33.0553,150.3042,54.5,2019-11,NSW,D
-15.4656,144.2319,21.3,2019-11,QLD,D
-30.8798,151.9544,407.5,2019-11,NSW,D
-30.9165,151.903,1371.4,2019-11,NSW,D
-29.2077,153.1899,22.8,2019-11,NSW,D
-29.2793,153.0715,88.3,2019-11,NSW,D
-31.2408,152.821,21.5,2019-11,NSW,N
-31.798,115.8316,10.5,2019-11,WA,D
-15.3629,125.6208,6.9,2019-11,WA,N
-31.0836,152.556,12.2,2019-11,NSW,N
-31.6713,152.2206,53.0,2019-11,NSW,D
-31.6076,124.0247,33.0,2019-11,WA,D
-15.6561,142.3831,91.5,2019-11,QLD,D
-31.687,151.917,46.7,2019-11,NSW,N
-30.8904,152.2733,41.1,2019-11,NSW,D
-29.8714,152.6869,28.1,2019-11,NSW,N
-15.8206,143.6667,117.9,2019-11,QLD,D
-30.4538,152.1828,98.4,2019-11,NSW,N
-19.6476,147.1926,48.5,2019-11,QLD,D
-33.2429,150.6453,46.3,2019-11,NSW,D
-15.5515,124.8431,50.2,2019-11,WA,D
-31.2536,152.4258,79.8,2019-11,NSW,D
-31.3046,152.0878,35.3,2019-11,NSW,D
-31.3005,152.0344,29.8,2019-11,NSW,N
-29.2002,151.4447,47.1,2019-11,NSW,D
-18.3708,126.117,19.5,2019-11,WA,N
-18.7415,124.3934,398.1,2019-11,WA,D
-30.0299,151.3177,41.1,2019-11,NSW,N
-31.0385,152.1608,80.9,2019-11,NSW,D
-33.1623,150.3256,13.9,2019-11,NSW,N
-20.2863,148.4211,35.4,2019-11,QLD,D
-30.6814,123.0355,118.0,2019-11,WA,N
-34.0755,150.2133,143.8,2019-11,NSW,D
-13.3199,141.7941,9.4,2019-11,QLD,D
-28.3408,152.5889,22.7,2019-11,NSW,N
-11.4285,142.3265,28.0,2019-11,QLD,D
-27.2553,152.1458,61.3,2019-11,QLD,D
-14.6136,127.1701,31.5,2019-11,WA,D
-31.1212,152.0067,29.9,2019-11,NSW,D
-30.5101,152.2808,76.9,2019-11,NSW,N
-13.9966,129.7628,32.5,2019-11,NT,D
-31.0769,151.9686,33.9,2019-11,NSW,N
-31.4668,123.9864,66.5,2019-11,WA,D
-12.7396,136.459,83.6,2019-11,NT,D
-29.1406,151.5943,43.6,2019-11,NSW,D
-37.1074,149.6061,96.0,2019-11,NSW,D
-29.3219,152.7029,100.1,2019-11,NSW,D
-31.0002,152.0321,193.8,2019-11,NSW,D
-29.6712,152.3051,85.1,2019-11,NSW,N
-27.2529,128.8027,67.5,2019-11,WA,D
-31.7389,151.9354,33.3,2019-11,NSW,N
-15.7455,136.4084,18.5,2019-11,NT,D
-33.0815,150.465,13.5,2019-11,NSW,N
-34.1627,116.1187,12.4,2019-11,WA,D
-29.9983,152.4062,73.9,2019-11,NSW,N
-33.1024,150.4508,239.4,2019-11,NSW,D
-30.2033,150.0764,27.6,2019-11,NSW,N
-31.1611,152.6486,186.1,2019-11,NSW,D
-29.2151,151.5146,106.9,2019-11,NSW,N
-11.5513,132.9205,40.1,2019-11,NT,D
-29.1776,128.2262,382.7,2019-12,WA,D
-35.7818,150.0786,0.0,2019-12,NSW,D
-17.3433,122.998,22.8,2019-12,WA,N
-34.0143,149.9566,269.8,2019-12,NSW,N
-34.1869,150.4019,78.8,2019-12,NSW,D
-31.3192,151.9261,31.5,2019-12,NSW,N
-24.5413,148.0321,21.0,2019-12,QLD,D
-15.4862,145.1321,200.2,2019-12,QLD,D
-32.7972,150.6477,28.3,2019-12,NSW,D
-35.4774,149.991,266.7,2019-12,NSW,N
-37.5617,147.7188,93.8,2019-12,NSW,N
-33.3491,150.4822,12.0,2019-12,NSW,N
-29.6086,122.9528,52.0,2019-12,WA,N
-31.0981,152.6327,62.3,2019-12,NSW,D
-27.8655,126.5559,18.1,2019-12,WA,D
-32.5733,150.6303,94.2,2019-12,NSW,D
-16.6766,135.8291,290.7,2019-12,NT,D
-34.2164,150.2422,12.6,2019-12,NSW,D
-32.9224,120.6285,11.6,2019-12,WA,N
-31.1725,152.4755,12.2,2019-12,NSW,N
-17.7262,142.2919,271.7,2019-12,QLD,N
-16.5188,137.6241,16.5,2019-12,NT,D
-16.5111,141.6642,46.0,2019-12,QLD,N
-33.0775,149.8464,22.6,2019-12,NSW,N
-32.8807,150.3254,18.9,2019-12,NSW,D
-33.8696,150.1764,23.3,2019-12,NSW,N
-32.0621,151.3889,13.4,2019-12,NSW,N
-32.9986,151.2117,22.9,2019-12,NSW,D
-16.9142,137.6846,26.0,2019-12,NT,D
-15.7256,143.3747,64.7,2019-12,QLD,N
-29.4295,152.3911,67.5,2019-12,NSW,D
-34.2118,150.474,280.8,2019-12,NSW,D
-25.9908,150.5223,5.4,2019-12,QLD,N
-13.4301,135.4192,86.7,2019-12,NT,D
-32.7647,150.9567,10.2,2019-12,NSW,N
-29.647,152.6108,46.5,2019-12,NSW,D
-37.1668,148.2189,100.9,2019-12,NSW,N
-33.0565,123.37,50.7,2019-12,WA,N
-31.6039,152.1472,32.3,2019-12,NSW,D
-33.2392,151.0151,94.4,2019-12,NSW,D
-15.8455,142.8175,52.9,2019-12,QLD,D
-33.3342,151.0561,121.4,2019-12,NSW,D
-11.5847,142.5723,61.9,2019-12,QLD,D
-31.445,151.2844,14.2,2019-12,NSW,N
-28.5717,128.4974,200.1,2019-12,WA,D
-31.3918,151.2679,42.0,2019-12,NSW,N
-32.3199,150.0495,7.5,2019-12,NSW,N
-25.0764,149.3025,70.8,2019-12,QLD,D
-27.8544,127.9892,130.3,2019-12,WA,D
-14.3513,127.3594,84.1,2019-12,WA,D
-12.7899,136.3774,33.3,2019-12,NT,D
-34.9601,150.4535,17.9,2019-12,NSW,N
-13.5871,142.0051,25.3,2019-12,QLD,D
-33.3989,150.1106,119.8,2019-12,NSW,D
-28.0481,129.7614,19.2,2019-12,SA,N
-25.3806,149.23,8.7,2019-12,QLD,D
-18.4971,123.5118,8.0,2019-12,WA,N
-37.3899,147.6958,20.3,2019-12,NSW,D
-18.3409,143.7392,27.5,2019-12,QLD,N
-32.3115,121.419,162.8,2019-12,WA,D
-37.2487,148.4292,14.4,2019-12,NSW,D
-32.5983,150.3108,50.7,2019-12,NSW,D
-22.6776,150.1822,7.5,2019-12,QLD,N
-35.6015,149.9488,15.1,2019-12,NSW,N
-32.8187,150.1464,14.9,2019-12,NSW,D
-36.2528,147.7229,57.1,2019-12,NSW,D
-32.6885,150.4058,60.6,2019-12,NSW,D
-17.6624,144.7705,15.9,2019-12,QLD,D
-31.5273,115.6794,12.1,2019-12,WA,N
-33.4226,150.107,12.8,2019-12,NSW,N
-25.2202,149.2624,10.3,2019-12,QLD,D
-15.198,128.3354,14.0,2019-12,WA,D
-34.2065,150.0152,73.2,2019-12,NSW,D
-34.2517,150.3652,21.1,2019-12,NSW,D
-15.3912,144.5621,76.3,2019-12,QLD,D
-28.857,128.7092,22.7,2019-12,WA,N
-22.5146,128.1643,364.0,2019-12,WA,D
-35.2365,150.1621,174.3,2019-12,NSW,D
-25.0336,149.3204,11.4,2019-12,QLD,N
-32.5956,150.6441,24.8,2019-12,NSW,N
-35.5137,149.5649,51.1,2019-12,NSW,N
-22.9342,149.9431,16.2,2019-12,QLD,D
-16.5126,137.7184,68.6,2019-12,NT,D
-32.6392,150.5266,30.2,2019-12,NSW,D
-32.7556,150.9149,106.1,2019-12,NSW,D
-34.87,150.2403,15.6,2019-12,NSW,N
-32.5884,150.6224,120.6,2019-12,NSW,D
-30.4273,122.3376,44.0,2019-12,WA,D
-37.2217,148.5665,60.3,2019-12,NSW,D
-32.3465,120.1015,64.4,2019-12,WA,D
-18.3427,143.7047,16.0,2019-12,QLD,N
-34.45,118.1474,22.7,2019-12,WA,D
-34.2537,150.4419,79.5,2019-12,NSW,D
-33.575,150.2748,11.2,2019-12,NSW,N
-32.7152,150.2956,33.0,2019-12,NSW,N
-32.9713,150.7282,9.4,2019-12,NSW,N
-32.7584,150.2185,77.8,2019-12,NSW,D
-32.8,120.2287,237.1,2019-12,WA,D
-32.9437,120.5795,6.2,2019-12,WA,N
-18.9245,143.5151,26.7,2019-12,QLD,D
-18.3467,144.057,31.6,2019-12,QLD,D
-32.6633,121.0601,10.3,2019-12,WA,N
-26.7655,126.3257,31.7,2019-12,WA,N
-29.7377,152.5483,24.1,2019-12,NSW,D
-32.5788,150.6228,74.6,2019-12,NSW,D
-35.5583,150.3062,22.8,2019-12,NSW,D
-37.5817,147.9775,107.7,2019-12,NSW,D
-37.2183,148.465,5.9,2019-12,NSW,N
-21.3089,148.9352,91.1,2019-12,QLD,D
-37.5332,147.643,18.5,2019-12,NSW,N
-33.0914,150.8899,58.6,2019-12,NSW,N
-29.2824,152.1813,7.1,2019-12,NSW,N
-32.0584,121.4851,59.0,2019-12,WA,N
-37.1757,148.549,24.5,2019-12,NSW,N
-32.7416,150.2893,19.4,2019-12,NSW,N
-28.6958,152.5112,84.6,2019-12,NSW,D
-18.6529,123.429,65.8,2019-12,WA,D
-31.364,151.6871,20.5,2019-12,NSW,N
-15.8191,143.2429,123.5,2019-12,QLD,D
-12.6753,136.2379,54.3,2019-12,NT,D
-29.5189,151.9641,94.2,2019-12,NSW,D
-33.3731,150.5704,30.8,2019-12,NSW,D
-37.7019,148.2206,0.0,2019-12,NSW,N
-30.2531,150.2976,850.2,2019-12,NSW,D
-17.6722,144.8321,28.9,2019-12,QLD,D
-32.764,150.3936,25.1,2019-12,NSW,N
-37.6428,148.0728,0.0,2019-12,NSW,N
-28.5791,152.261,45.7,2019-12,NSW,D
-33.032,123.5124,10.8,2019-12,WA,N
-34.1819,150.0499,249.1,2019-12,NSW,D
-25.3046,130.2131,181.1,2019-12,NT,D
-14.529,142.8189,132.2,2019-12,QLD,D
-33.1666,150.8759,84.8,2019-12,NSW,D
-16.6667,135.8309,40.4,2019-12,NT,D
-29.6676,152.6748,19.2,2019-12,NSW,N
-15.5685,141.5302,28.5,2019-12,QLD,D
-29.1764,128.1032,55.4,2019-12,WA,D
-15.6103,143.6184,7.4,2019-12,QLD,N
-14.3694,126.1131,45.9,2019-12,WA,D
-33.2181,150.0469,46.3,2019-12,NSW,D
-18.7386,123.8563,11.6,2019-12,WA,N
-16.1593,142.1836,128.8,2019-12,QLD,D
-32.7151,150.1018,68.2,2019-12,NSW,N
-30.8531,123.4324,158.3,2019-12,WA,D
-19.9436,123.0253,25.0,2019-12,WA,D
-33.5639,150.3459,71.5,2019-12,NSW,D
-33.3626,150.3552,47.3,2019-12,NSW,N
-35.5104,150.2465,21.2,2019-12,NSW,D
-33.4287,150.2128,24.8,2019-12,NSW,N
-37.6144,149.4427,861.5,2019-12,NSW,D
-36.5744,140.1001,147.7,2019-12,SA,D
-27.821,128.6564,13.3,2019-12,WA,N
-37.1963,148.4246,62.1,2019-12,NSW,N
-34.3235,118.0512,24.3,2019-12,WA,D
-34.1399,150.0516,49.1,2019-12,NSW,D
-37.2545,148.4541,1191.9,2019-12,NSW,D
-31.641,151.1235,33.5,2019-12,NSW,N
-11.7905,133.4048,32.1,2019-12,NT,D
-18.108,143.8334,115.8,2019-12,QLD,D
-37.4139,147.6528,26.9,2019-12,NSW,D
-37.6236,149.1859,22.1,2019-12,NSW,D
-33.3984,150.1154,148.9,2019-12,NSW,D
-12.8801,136.3125,32.5,2019-12,NT,D
-32.638,150.3223,239.2,2019-12,NSW,D
-32.8731,150.6251,35.8,2019-12,NSW,D
-21.6428,127.2128,130.4,2019-12,WA,D
-18.0597,143.7199,31.3,2019-12,QLD,N
-24.4786,151.2619,11.0,2019-12,QLD,N
-32.6457,150.2744,19.4,2019-12,NSW,N
-30.724,152.0536,69.8,2019-12,NSW,D
-37.43,147.9914,10.0,2019-12,NSW,D
-18.6038,143.8235,195.0,2019-12,QLD,D
-24.6188,124.4456,31.5,2019-12,WA,N
-31.4953,115.6404,11.0,2019-12,WA,N
-32.8765,150.2104,159.1,2019-12,NSW,D
-37.0638,148.2236,40.8,2019-12,NSW,N
-36.3448,149.7052,798.7,2019-12,NSW,N
-32.8317,150.2116,22.9,2019-12,NSW,D
-20.8695,136.8123,170.6,2019-12,NT,D
-32.2553,121.3966,96.8,2019-12,WA,N
-33.6029,123.7292,302.2,2019-12,WA,D
-32.6891,150.513,61.1,2019-12,NSW,N
-33.0875,123.4628,117.0,2019-12,WA,N
-33.5562,123.7017,606.0,2019-12,WA,D
-24.4799,151.2744,20.1,2019-12,QLD,N
-25.7728,129.8132,190.3,2019-12,NT,D
-37.4015,147.7924,225.1,2019-12,NSW,N
-28.7453,152.319,27.8,2019-12,NSW,N
-16.9222,137.6407,13.8,2019-12,NT,D
-26.653,126.1552,112.5,2019-12,WA,D
-33.1693,123.677,14.3,2019-12,WA,N
-25.7749,151.0398,9.1,2019-12,QLD,N
-37.6185,148.104,0.0,2019-12,NSW,N
-16.3435,142.087,22.6,2019-12,QLD,N
-34.1601,150.4379,29.0,2019-12,NSW,N
-15.2781,144.4942,21.1,2019-12,QLD,D
-32.8227,150.184,45.1,2019-12,NSW,N
-28.7771,128.6362,26.9,2019-12,WA,N
-37.5863,147.7186,9.9,2019-12,NSW,N
-28.8673,128.9899,12.9,2019-12,WA,N
-12.4661,131.6586,12.4,2019-12,NT,D
-33.1359,151.0354,37.7,2019-12,NSW,D
-33.3338,151.0273,8.6,2019-12,NSW,N
-23.2292,146.3926,170.1,2019-12,QLD,D
-21.4176,140.8114,12.8,2019-12,QLD,N
-37.6027,147.887,21.2,2019-12,NSW,N
-30.5086,150.864,13.2,2019-12,NSW,N
-37.3716,147.7016,53.7,2019-12,NSW,D
-17.694,142.4202,8.6,2019-12,QLD,N
-35.5694,150.2968,1258.4,2019-12,NSW,D
-35.6372,150.0108,130.3,2019-12,NSW,N
-29.6759,152.518,30.6,2019-12,NSW,D
-12.2619,132.2186,14.1,2019-12,NT,D
-26.4363,126.2052,9.3,2019-12,WA,D
-33.9398,150.8701,3.4,2019-12,NSW,D
-31.3564,151.3531,25.6,2019-12,NSW,N
-18.8878,144.6371,38.4,2019-12,QLD,D
-29.5075,152.1798,40.9,2019-12,NSW,N
-32.765,150.8447,20.0,2019-12,NSW,D
-34.0382,150.2019,55.4,2019-12,NSW,D
-42.0976,147.9312,17.8,2019-12,VIC,D
-29.1261,150.8287,398.4,2019-12,NSW,D
-32.9526,150.4368,17.8,2019-12,NSW,D
-37.6304,148.9376,53.0,2019-12,NSW,N
-37.2052,148.6081,6.5,2019-12,NSW,N
-32.1509,151.3895,25.2,2019-12,NSW,D
-27.9442,127.6114,15.2,2019-12,WA,D
-33.9341,150.0457,18.4,2019-12,NSW,D
-31.3299,151.8129,9.5,2019-12,NSW,N
-34.0802,150.0975,18.1,2019-12,NSW,D
-32.8111,150.6119,19.1,2019-12,NSW,D
-33.929,150.2068,24.0,2019-12,NSW,N
-32.6693,120.3375,301.0,2019-12,WA,D
-33.1467,150.2126,38.3,2019-12,NSW,D
-36.1365,149.5601,91.7,2019-12,NSW,N
-21.3512,126.5871,6.0,2019-12,WA,N
-28.7714,128.538,23.3,2019-12,WA,N
-17.5286,145.105,27.4,2019-12,QLD,D
-25.3543,146.5642,21.2,2019-12,QLD,N
-37.7696,148.1937,18.2,2019-12,NSW,N
-32.7132,150.2775,48.2,2019-12,NSW,N
-36.1436,149.467,33.7,2019-12,NSW,N
-35.2456,149.9943,100.0,2019-12,NSW,D
-30.3406,151.3368,26.5,2019-12,NSW,N
-33.475,150.1855,81.9,2019-12,NSW,D
-16.534,137.5105,142.6,2019-12,NT,D
-37.6456,147.8058,61.4,2019-12,NSW,N
-37.6228,147.5939,229.8,2019-12,NSW,D
-33.9007,150.2878,12.6,2019-12,NSW,D
-28.0184,127.3091,28.0,2019-12,WA,D
-31.3592,151.8466,46.3,2019-12,NSW,N
-34.2321,150.0011,62.5,2019-12,NSW,N
-32.9963,149.9537,22.8,2019-12,NSW,D
-32.0278,135.8203,155.0,2019-12,SA,D
-13.288,135.7654,143.2,2019-12,NT,D
-29.3762,152.3949,4.3,2019-12,NSW,N
-32.5724,150.2589,46.0,2019-12,NSW,N
-34.1634,150.1826,40.6,2019-12,NSW,N
-37.7614,149.337,0.0,2019-12,NSW,N
-33.1752,116.2444,49.1,2019-12,WA,D
-32.2938,150.1437,112.7,2019-12,NSW,D
-34.9059,150.1597,508.7,2019-12,NSW,N
-37.4778,147.5429,88.5,2019-12,NSW,D
-30.6346,152.3982,17.4,2019-12,NSW,N
-16.4744,142.4515,14.5,2019-12,QLD,N
-17.4032,142.8528,12.3,2019-12,QLD,N
-32.6257,150.7241,32.8,2019-12,NSW,D
-15.6512,125.2649,5.2,2019-12,WA,N
-25.0108,149.3044,124.5,2019-12,QLD,N
-30.1149,150.8695,151.9,2019-12,NSW,N
-33.3379,150.3037,140.8,2019-12,NSW,D
-34.9585,150.1752,446.1,2019-12,NSW,D
-25.111,149.209,34.4,2019-12,QLD,D
-26.0365,128.4788,131.0,2019-12,WA,D
-36.1595,139.9682,101.0,2019-12,SA,D
-32.7416,150.7483,10.8,2019-12,NSW,N
-33.6454,150.3536,6.3,2019-12,NSW,N
-24.9581,149.3457,49.8,2019-12,QLD,D
-30.9552,116.0242,186.6,2019-12,WA,D
-34.2441,150.1451,16.2,2019-12,NSW,N
-31.3302,151.3459,182.1,2019-12,NSW,D
-16.0893,142.8401,24.0,2019-12,QLD,D
-29.965,151.9581,245.0,2019-12,NSW,D
-31.531,152.1435,45.1,2019-12,NSW,N
-33.3682,151.0802,15.9,2019-12,NSW,N
-32.3613,150.1852,25.2,2019-12,NSW,D
-30.3589,151.3494,16.6,2019-12,NSW,N
-31.4515,151.3092,11.1,2019-12,NSW,N
-32.9514,150.2904,57.5,2019-12,NSW,D
-34.1532,150.3053,124.5,2019-12,NSW,D
-22.65,116.9704,22.1,2019-12,WA,N
-32.5953,150.4302,31.8,2019-12,NSW,N
-14.586,141.9536,17.2,2019-12,QLD,D
-17.8402,142.7648,18.0,2019-12,QLD,D
-35.2777,150.0844,120.5,2019-12,NSW,D
-31.5175,151.6639,151.3,2019-12,NSW,D
-35.2517,150.0702,15.7,2019-12,NSW,N
-32.8625,150.324,76.7,2019-12,NSW,D
-18.0101,143.7815,7.7,2019-12,QLD,N
-25.1308,151.8093,27.1,2019-12,QLD,D
-31.4812,115.6644,689.6,2019-12,WA,D
-23.0915,119.5707,62.0,2019-12,WA,D
-30.6404,147.5359,21.7,2019-12,NSW,D
-22.6986,150.3212,396.5,2019-12,QLD,D
-32.8954,150.3795,28.4,2019-12,NSW,N
-33.8532,150.0951,27.8,2019-12,NSW,N
-33.0408,150.8141,71.3,2019-12,NSW,D
-32.5111,120.2112,55.3,2019-12,WA,D
-37.2667,148.5138,115.4,2019-12,NSW,N
-37.3671,148.2474,3066.3,2019-12,NSW,D
-24.6745,127.2224,22.1,2019-12,WA,D
-32.659,150.634,105.0,2019-12,NSW,N
-20.0507,121.0277,32.8,2019-12,WA,D
-16.0211,142.5015,11.2,2019-12,QLD,N
-37.7145,148.2619,0.0,2019-12,NSW,N
-17.4921,122.3209,441.2,2019-12,WA,D
-30.8612,123.5866,2793.7,2019-12,WA,D
-30.615,152.126,40.2,2019-12,NSW,N
-33.3865,150.2834,63.1,2019-12,NSW,D
-32.271,121.6928,49.1,2019-12,WA,N
-32.1814,121.3559,4.8,2019-12,WA,N
-30.6448,152.0178,23.6,2019-12,NSW,N
-28.3166,124.6705,45.5,2019-12,WA,D
-35.1714,150.1979,50.5,2019-12,NSW,D
-30.1324,151.9019,27.8,2019-12,NSW,D
-16.4095,137.7453,84.5,2019-12,NT,N
-35.5011,147.989,123.2,2019-12,NSW,N
-18.3629,123.1552,8.2,2019-12,WA,N
-35.2921,150.0415,78.6,2019-12,NSW,N
-33.098,123.5127,63.8,2019-12,WA,N
-30.8248,151.7857,21.6,2019-12,NSW,D
-33.9994,150.1544,19.8,2019-12,NSW,N
-34.3334,118.3547,21.3,2019-12,WA,N
-17.0139,137.4977,376.1,2019-12,NT,D
-33.3749,150.2459,25.0,2019-12,NSW,D
-28.6211,152.4208,29.0,2019-12,NSW,D
-32.9317,150.8397,18.1,2019-12,NSW,D
-34.9383,150.219,145.7,2019-12,NSW,D
-25.122,147.5481,4.9,2019-12,QLD,N
-31.609,152.0555,11.0,2019-12,NSW,N
-28.7421,128.6129,48.2,2019-12,WA,D
-29.1603,152.263,16.6,2019-12,NSW,D
-34.1173,150.303,29.3,2019-12,NSW,D
-18.3115,143.784,37.1,2019-12,QLD,D
-19.4799,144.284,24.1,2019-12,QLD,D
-32.684,150.2626,239.5,2019-12,NSW,D
-28.8418,128.7245,18.1,2019-12,WA,N
-34.133,150.2224,261.1,2019-12,NSW,D
-32.58,150.5869,26.4,2019-12,NSW,D
-24.9162,149.4679,8.0,2019-12,QLD,N
-21.4613,139.879,18.3,2019-12,QLD,N
-20.2481,144.1411,10.0,2019-12,QLD,N
-16.923,137.6591,5.3,2019-12,NT,N
-29.3546,152.0281,175.7,2019-12,NSW,D
-32.7645,150.4239,62.2,2019-12,NSW,D
-32.6723,121.0583,4.7,2019-12,WA,N
-31.3944,151.7649,13.6,2019-12,NSW,N
-20.4693,144.1934,49.7,2019-12,QLD,D
-15.6754,127.095,132.5,2019-12,WA,D
-32.7606,150.981,5.6,2019-12,NSW,N
-19.0209,129.5534,26.1,2019-12,NT,D
-31.4231,151.8296,146.4,2019-12,NSW,D
-32.5674,150.2672,25.1,2019-12,NSW,N
-30.0137,151.8938,24.5,2019-12,NSW,D
-31.3628,152.0063,42.6,2019-12,NSW,N
-32.8202,150.9722,22.2,2019-12,NSW,D
-28.1159,129.7007,8.6,2019-12,SA,N
-37.5485,148.2054,0.0,2019-12,NSW,N
-29.1336,152.2561,15.6,2019-12,NSW,N
-32.9278,123.4096,90.7,2019-12,WA,D
-33.4308,150.7131,20.7,2019-12,NSW,D
-25.0907,149.1743,124.3,2019-12,QLD,D
-35.2884,150.2205,56.3,2019-12,NSW,N
-27.4014,150.8291,29.5,2019-12,QLD,D
-25.7758,129.7117,85.4,2019-12,NT,D
-34.1589,150.0114,48.6,2019-12,NSW,D
-34.4208,118.0962,161.4,2019-12,WA,D
-32.9348,150.2179,45.9,2019-12,NSW,D
-29.0511,128.339,328.4,2019-12,WA,D
-32.5955,150.3331,33.4,2019-12,NSW,D
-37.3833,148.2942,14.8,2019-12,NSW,N
-33.5182,150.5342,93.4,2019-12,NSW,D
-15.3596,144.1514,25.9,2019-12,QLD,D
-16.2805,129.6169,16.3,2019-12,NT,D
-33.6035,150.3692,7.7,2019-12,NSW,N
-18.2471,143.7006,24.9,2019-12,QLD,N
-15.2637,129.9404,35.9,2019-12,NT,D
-32.9607,123.4477,79.4,2019-12,WA,N
-16.447,137.648,6.2,2019-12,NT,N
-18.0797,142.9532,49.3,2019-12,QLD,D
-37.1206,148.1122,38.9,2019-12,NSW,N
-32.9458,150.6754,17.6,2019-12,NSW,N
-15.11,125.0962,61.4,2019-12,WA,D
-30.8258,151.7974,88.1,2019-12,NSW,D
-30.8018,151.831,29.3,2019-12,NSW,D
-35.0554,150.4734,11.6,2019-12,NSW,N
-34.2285,150.193,9.0,2019-12,NSW,N
-29.1235,150.841,308.6,2019-12,NSW,D
-33.3612,150.2198,246.7,2019-12,NSW,D
-34.2529,150.021,32.7,2019-12,NSW,N
-32.5832,150.5422,65.8,2019-12,NSW,N
-13.9696,135.06,64.7,2019-12,NT,D
-36.1011,147.7118,1775.8,2019-12,NSW,N
-29.3095,152.1925,34.4,2019-12,NSW,N
-21.274,134.1702,27.1,2019-12,NT,N
-33.3571,150.0858,45.5,2019-12,NSW,D
-31.4229,151.9478,108.4,2019-12,NSW,D
-13.1614,130.279,8.8,2019-12,NT,D
-17.4685,143.2508,5.2,2019-12,QLD,N
-35.5569,150.3175,105.8,2019-12,NSW,N
-32.3496,150.1282,121.9,2019-12,NSW,D
-32.7044,150.2954,43.3,2019-12,NSW,N
-37.5634,148.6726,29.1,2019-12,NSW,N
-28.7321,128.6711,34.9,2019-12,WA,D
-33.9602,150.3631,105.7,2019-12,NSW,D
-25.0274,149.3148,37.0,2019-12,QLD,D
-15.2203,131.5117,94.3,2019-12,NT,D
-37.8007,141.3777,150.7,2019-12,NSW,D
-12.435,136.7489,33.0,2019-12,NT,D
-32.1284,121.4813,11.8,2019-12,WA,N
-24.6118,151.5249,19.7,2019-12,QLD,N
-34.0391,150.0901,17.8,2019-12,NSW,N
-30.4345,122.3726,176.0,2019-12,WA,D
-32.633,150.4282,62.9,2019-12,NSW,D
-37.586,147.7555,44.4,2019-12,NSW,D
-30.6614,152.13,32.8,2019-12,NSW,D
-32.9605,150.9911,74.3,2019-12,NSW,D
-20.4088,134.51,6.3,2019-12,NT,N
-35.0038,150.0792,25.7,2019-12,NSW,N
-13.4011,133.5762,9.2,2019-12,NT,N
-30.7368,152.0605,38.9,2019-12,NSW,N
-32.8658,123.4943,214.6,2019-12,WA,D
-14.0984,134.9529,37.8,2019-12,NT,D
-22.4294,118.8866,32.7,2019-12,WA,D
-33.9731,150.0823,103.5,2019-12,NSW,D
-30.8291,151.7837,9.0,2019-12,NSW,D
-15.5395,129.1642,26.2,2019-12,NT,D
-33.2329,151.0697,44.3,2019-12,NSW,N
-32.813,151.096,7.9,2019-12,NSW,N
-14.7089,128.11,26.8,2019-12,WA,D
-25.1637,128.1049,45.4,2019-12,WA,D
-26.5536,152.2361,141.0,2019-12,QLD,D
-29.3237,152.1965,11.2,2019-12,NSW,N
-35.6664,150.0406,872.2,2019-12,NSW,N
-31.4665,151.3207,117.8,2019-12,NSW,D
-28.8141,152.2767,40.8,2019-12,NSW,D
-31.5915,151.2265,17.4,2019-12,NSW,N
-37.3891,148.2523,122.3,2019-12,NSW,D
-33.3985,150.4875,27.2,2019-12,NSW,D
-32.5883,150.2252,29.0,2019-12,NSW,N
-35.9476,147.577,194.9,2019-12,NSW,N
-32.9704,151.0376,62.9,2019-12,NSW,N
-37.4815,148.1061,12.9,2019-12,NSW,N
-35.4802,147.9963,98.5,2019-12,NSW,N
-37.4948,147.5702,73.8,2019-12,NSW,D
-14.1866,132.5739,5.0,2019-12,NT,N
-32.5701,119.8562,23.3,2019-12,WA,D
-37.4385,148.5671,0.0,2019-12,NSW,N
-35.2273,150.3915,49.6,2019-12,NSW,D
-32.3276,123.3911,198.3,2019-12,WA,D
-37.3064,147.9066,366.1,2019-12,NSW,D
-13.6356,132.3371,327.9,2019-12,NT,D
-30.7749,119.8769,128.0,2019-12,WA,D
-24.2637,129.5653,146.7,2019-12,NT,D
-37.1485,148.1522,113.8,2019-12,NSW,N
-24.8906,147.8234,16.8,2019-12,QLD,D
-28.8338,128.9625,36.0,2019-12,WA,N
-26.4434,125.7567,19.6,2019-12,WA,D
-15.959,142.1765,57.8,2019-12,QLD,D
-15.3299,143.2113,41.3,2019-12,QLD,D
-34.3194,150.5146,83.3,2019-12,NSW,D
-32.7659,150.3607,36.0,2019-12,NSW,N
-17.1477,122.7608,43.4,2019-12,WA,D
-16.3147,141.579,54.9,2019-12,QLD,D
-25.787,152.0351,14.8,2019-12,QLD,N
-16.1802,137.1214,13.1,2019-12,NT,D
-32.5925,150.3039,38.6,2019-12,NSW,D
-34.3373,150.4075,66.4,2019-12,NSW,D
-32.66,150.7916,57.0,2019-12,NSW,D
-33.1506,123.4798,7.3,2019-12,WA,N
-24.7088,147.9279,9.6,2019-12,QLD,N
-33.3059,150.2238,23.4,2019-12,NSW,N
-34.2489,150.1794,103.5,2019-12,NSW,D
-15.7932,143.4199,26.8,2019-12,QLD,D
-25.7761,151.0382,10.7,2019-12,QLD,D
-32.8139,150.4065,19.8,2019-12,NSW,N
-34.3252,118.2762,241.8,2019-12,WA,D
-33.9466,149.9942,32.9,2019-12,NSW,N
-32.9789,150.2938,97.2,2019-12,NSW,D
-29.3778,152.0849,37.3,2019-12,NSW,D
-17.6095,125.081,4.0,2019-12,WA,N
-32.5864,150.4226,9.8,2019-12,NSW,N
-37.5634,147.7419,204.3,2019-12,NSW,N
-31.3915,151.2275,14.3,2019-12,NSW,N
-25.099,149.167,88.3,2019-12,QLD,N
-15.2239,143.876,63.8,2019-12,QLD,D
-17.9135,144.839,16.0,2019-12,QLD,D
-32.6372,150.7254,34.2,2019-12,NSW,D
-34.0312,150.4553,184.7,2019-12,NSW,D
-32.7216,150.9486,23.5,2019-12,NSW,D
-37.138,149.877,0.0,2020-01,NSW,N
-25.449,149.174,24.6,2020-01,QLD,D
-36.847,146.814,17.5,2020-01,NSW,D
-36.019,136.755,0.0,2020-01,SA,D
-37.011,147.022,7.4,2020-01,NSW,N
-32.544,150.234,98.5,2020-01,NSW,N
-37.145,149.635,53.6,2020-01,NSW,D
-37.284,149.216,29.7,2020-01,NSW,N
-33.21,122.357,50.2,2020-01,WA,D
-19.832,144.307,60.6,2020-01,QLD,D
-17.12,144.935,24.1,2020-01,QLD,D
-35.676,148.951,893.6,2020-01,NSW,N
-32.535,150.23,28.3,2020-01,NSW,D
-35.835,150.085,18.7,2020-01,NSW,D
-37.427,147.456,17.4,2020-01,NSW,N
-37.421,149.674,13.8,2020-01,NSW,D
-31.087,123.843,177.6,2020-01,WA,D
-36.435,147.989,5.1,2020-01,NSW,N
-37.602,149.266,50.2,2020-01,NSW,D
-19.838,144.576,5.7,2020-01,QLD,N
-35.837,148.673,51.2,2020-01,NSW,D
-32.638,122.294,254.1,2020-01,WA,D
-32.621,150.239,11.6,2020-01,NSW,N
-29.099,150.813,20.6,2020-01,NSW,N
-35.139,150.532,28.8,2020-01,NSW,D
-41.667,148.055,160.2,2020-01,VIC,N
-33.153,150.069,179.0,2020-01,NSW,D
-29.056,150.786,11.6,2020-01,NSW,D
-22.318,146.965,37.8,2020-01,QLD,D
-32.76,122.03,5803.1,2020-01,WA,D
-37.356,149.063,17.5,2020-01,NSW,D
-34.691,150.162,25.6,2020-01,NSW,N
-36.636,148.062,115.3,2020-01,NSW,D
-36.299,148.152,14.3,2020-01,NSW,N
-35.907,147.579,15.8,2020-01,NSW,D
-31.955,121.368,64.6,2020-01,WA,D
-28.753,128.794,789.2,2020-01,WA,D
-37.23,149.796,0.0,2020-01,NSW,N
-35.869,148.86,88.8,2020-01,NSW,D
-25.439,149.869,36.4,2020-01,QLD,D
-34.814,150.197,32.2,2020-01,NSW,D
-37.62,148.981,51.6,2020-01,NSW,N
-37.177,149.017,338.2,2020-01,NSW,N
-29.446,152.144,23.0,2020-01,NSW,N
-35.884,149.702,47.4,2020-01,NSW,N
-32.709,122.105,37.7,2020-01,WA,N
-36.695,146.764,5.6,2020-01,NSW,N
-37.12,149.823,0.0,2020-01,NSW,N
-35.376,147.984,162.9,2020-01,NSW,N
-37.073,147.117,80.6,2020-01,NSW,N
-32.647,122.152,260.1,2020-01,WA,D
-36.503,148.014,8.9,2020-01,NSW,N
-32.69,124.263,94.0,2020-01,WA,D
-36.665,147.917,61.4,2020-01,NSW,D
-20.461,118.57,15.8,2020-01,WA,D
-33.17,150.085,60.1,2020-01,NSW,D
-36.371,147.738,31.3,2020-01,NSW,D
-26.538,150.665,68.2,2020-01,QLD,D
-37.579,147.56,89.2,2020-01,NSW,N
-36.103,147.899,0.0,2020-01,NSW,D
-37.228,149.528,33.6,2020-01,NSW,D
-32.511,121.957,103.0,2020-01,WA,N
-26.795,150.351,9.6,2020-01,QLD,N
-37.272,147.924,31.7,2020-01,NSW,N
-31.661,119.758,296.1,2020-01,WA,D
-16.702,145.528,77.4,2020-01,QLD,D
-37.376,149.348,24.3,2020-01,NSW,N
-34.312,149.98,55.1,2020-01,NSW,D
-35.552,148.525,19.0,2020-01,NSW,N
-37.469,149.458,20.7,2020-01,NSW,N
-34.798,150.087,21.2,2020-01,NSW,D
-32.338,123.222,89.4,2020-01,WA,D
-37.678,148.738,91.0,2020-01,NSW,N
-34.869,150.089,30.6,2020-01,NSW,D
-36.487,149.574,420.5,2020-01,NSW,D
-32.386,123.543,143.5,2020-01,WA,D
-37.034,147.379,2795.6,2020-01,NSW,D
-36.508,149.575,8.7,2020-01,NSW,N
-37.429,149.494,46.5,2020-01,NSW,D
-32.485,123.098,453.9,2020-01,WA,D
-36.391,149.593,69.6,2020-01,NSW,N
-37.457,149.709,10.5,2020-01,NSW,N
-32.61,150.218,27.4,2020-01,NSW,N
-30.126,150.049,17.6,2020-01,NSW,N
-37.663,148.618,65.5,2020-01,NSW,N
-20.089,147.025,23.3,2020-01,QLD,D
-37.257,149.858,66.9,2020-01,NSW,D
-31.043,123.784,170.6,2020-01,WA,D
-32.65,122.019,87.7,2020-01,WA,D
-18.179,142.983,7.3,2020-01,QLD,N
-15.019,133.242,36.6,2020-01,NT,D
-35.746,137.261,352.2,2020-01,SA,D
-37.009,149.427,22.4,2020-01,NSW,N
-35.894,136.63,133.4,2020-01,SA,D
-32.686,150.078,39.5,2020-01,NSW,N
-32.652,122.158,218.4,2020-01,WA,D
-37.077,147.48,28.6,2020-01,NSW,D
-36.524,148.042,99.4,2020-01,NSW,D
-35.93,136.678,0.0,2020-01,SA,D
-36.348,148.076,15.2,2020-01,NSW,N
-37.249,149.081,97.4,2020-01,NSW,N
-37.189,149.948,62.0,2020-01,NSW,D
-26.107,151.489,10.4,2020-01,QLD,N
-35.886,148.14,94.6,2020-01,NSW,D
-21.46,116.02,9.3,2020-01,WA,N
-35.574,148.128,25.3,2020-01,NSW,D
-41.588,147.949,14.9,2020-01,VIC,N
-37.368,149.816,0.0,2020-01,NSW,N
-37.483,149.191,19.0,2020-01,NSW,N
-34.823,150.333,218.7,2020-01,NSW,D
-35.954,136.832,0.0,2020-01,SA,D
-32.96,123.646,188.7,2020-01,WA,D
-37.232,149.147,58.1,2020-01,NSW,D
-35.905,148.905,29.8,2020-01,NSW,D
-35.834,150.042,47.6,2020-01,NSW,D
-35.678,148.222,20.5,2020-01,NSW,N
-37.685,148.622,30.5,2020-01,NSW,N
-31.862,121.5,139.9,2020-01,WA,D
-31.526,151.265,145.0,2020-01,NSW,D
-35.924,150.003,15.0,2020-01,NSW,N
-36.106,147.88,4.9,2020-01,NSW,N
-36.223,149.494,39.0,2020-01,NSW,D
-18.441,145.327,18.0,2020-01,QLD,D
-32.519,122.296,85.2,2020-01,WA,D
-36.727,146.589,44.7,2020-01,NSW,D
-18.166,144.057,9.5,2020-01,QLD,N
-35.461,148.313,20.5,2020-01,NSW,N
-35.837,149.992,11.8,2020-01,NSW,N
-35.96,148.265,83.7,2020-01,NSW,D
-32.247,123.293,547.3,2020-01,WA,D
-37.499,148.605,10.6,2020-01,NSW,N
-19.826,144.34,29.2,2020-01,QLD,D
-36.484,149.596,1412.6,2020-01,NSW,D
-37.244,149.203,52.9,2020-01,NSW,N
-35.886,136.673,432.4,2020-01,SA,D
-21.945,149.336,105.1,2020-01,QLD,D
-24.598,151.488,11.8,2020-01,QLD,N
-37.403,147.512,104.4,2020-01,NSW,N
-35.57,148.158,12.2,2020-01,NSW,N
-35.967,136.749,0.0,2020-01,SA,D
-37.095,147.008,81.3,2020-01,NSW,N
-32.573,122.352,14.0,2020-01,WA,D
-32.773,124.105,117.6,2020-01,WA,D
-35.797,136.621,47.7,2020-01,SA,D
-36.908,146.595,8.6,2020-01,NSW,D
-19.366,143.245,19.6,2020-01,QLD,D
-36.241,149.526,244.2,2020-01,NSW,D
-35.244,149.946,241.5,2020-01,NSW,D
-35.241,149.952,38.2,2020-01,NSW,D
-36.346,149.57,35.7,2020-01,NSW,D
-36.959,147.33,23.3,2020-01,NSW,D
-17.905,144.019,56.6,2020-01,QLD,D
-32.67,150.147,14.7,2020-01,NSW,N
-35.402,147.947,371.4,2020-01,NSW,D
-26.361,149.391,52.2,2020-01,QLD,N
-32.503,123.423,14.0,2020-01,WA,N
-32.577,121.994,109.9,2020-01,WA,D
-32.532,150.448,21.1,2020-01,NSW,N
-25.971,150.54,18.1,2020-01,QLD,D
-36.858,146.797,12.0,2020-01,NSW,D
-32.678,150.906,37.2,2020-01,NSW,D
-37.239,149.58,0.0,2020-01,NSW,N
-35.665,148.207,17.5,2020-01,NSW,D
-37.664,148.806,22.8,2020-01,NSW,N
-31.684,150.984,23.2,2020-01,NSW,N
-37.477,148.082,7.6,2020-01,NSW,D
-31.026,123.654,23.8,2020-01,WA,D
-35.397,148.017,0.0,2020-01,NSW,D
-19.774,144.5,13.7,2020-01,QLD,N
-35.283,149.958,14.0,2020-01,NSW,D
-37.545,148.668,33.0,2020-01,NSW,N
-34.333,150.135,154.0,2020-01,NSW,D
-32.423,123.65,21.4,2020-01,WA,D
-41.614,147.836,30.6,2020-01,VIC,N
-32.824,124.277,0.0,2020-01,WA,N
-35.69,137.132,11.2,2020-01,SA,D
-32.393,123.595,41.8,2020-01,WA,D
-37.254,146.504,84.3,2020-01,NSW,D
-37.158,149.971,142.8,2020-01,NSW,D
-35.468,148.345,48.7,2020-01,NSW,D
-36.419,147.739,73.8,2020-01,NSW,D
-37.183,149.563,16.0,2020-01,NSW,D
-37.397,148.902,16.5,2020-01,NSW,D
-22.149,146.91,59.6,2020-01,QLD,N
-35.786,148.262,19.5,2020-01,NSW,D
-37.645,148.773,97.9,2020-01,NSW,D
-37.411,149.619,70.4,2020-01,NSW,D
-24.562,146.709,19.6,2020-01,QLD,D
-33.172,150.065,191.5,2020-01,NSW,D
-37.359,149.346,50.6,2020-01,NSW,D
-37.4,149.707,82.5,2020-01,NSW,D
-32.68,123.396,236.7,2020-01,WA,D
-35.783,148.711,23.0,2020-01,NSW,N
-36.557,149.48,134.1,2020-01,NSW,D
-37.04,148.038,86.5,2020-01,NSW,N
-35.593,148.947,914.2,2020-01,NSW,D
-22.566,115.757,38.9,2020-01,WA,D
-35.777,149.857,555.5,2020-01,NSW,D
-32.691,121.971,103.3,2020-01,WA,D
-37.704,148.116,18.8,2020-01,NSW,D
-35.837,148.65,142.2,2020-01,NSW,D
-19.875,144.196,296.9,2020-01,QLD,N
-32.438,123.601,43.4,2020-01,WA,D
-32.579,150.583,34.9,2020-01,NSW,D
-31.035,123.707,129.0,2020-01,WA,D
-34.376,150.383,211.9,2020-01,NSW,D
-29.072,128.293,174.8,2020-01,WA,D
-37.722,149.273,56.5,2020-01,NSW,N
-35.783,136.9,90.1,2020-01,SA,D
-19.844,144.262,13.6,2020-01,QLD,N
-35.842,148.856,45.1,2020-01,NSW,N
-35.868,136.791,536.1,2020-01,SA,D
-30.792,123.289,15.9,2020-01,WA,N
-36.332,149.931,21.9,2020-01,NSW,D
-35.487,148.1,43.2,2020-01,NSW,D
-32.278,123.369,143.0,2020-01,WA,D
-31.682,132.96,21.6,2020-01,SA,N
-35.144,150.569,50.1,2020-01,NSW,D
-36.513,149.604,12.3,2020-01,NSW,N
-16.306,137.724,21.9,2020-01,NT,D
-19.914,144.558,22.4,2020-01,QLD,D
-36.023,136.793,0.0,2020-01,SA,D
-37.538,147.486,20.3,2020-01,NSW,D
-31.872,121.551,17.6,2020-01,WA,N
-37.743,149.271,39.5,2020-01,NSW,N
-37.179,149.855,0.0,2020-01,NSW,N
-37.44,149.243,59.1,2020-01,NSW,D
-24.887,147.755,16.4,2020-01,QLD,N
-37.079,149.509,28.0,2020-01,NSW,D
-34.298,150.344,26.9,2020-01,NSW,D
-35.689,148.235,423.0,2020-01,NSW,D
-35.573,148.926,13.0,2020-01,NSW,N
-37.281,147.92,11.7,2020-01,NSW,N
-14.736,143.083,24.8,2020-01,QLD,D
-36.017,148.319,819.1,2020-01,NSW,D
-25.104,128.914,59.3,2020-01,WA,D
-35.837,150.004,8.0,2020-01,NSW,N
-36.361,148.108,29.8,2020-01,NSW,D
-37.23,149.583,0.0,2020-01,NSW,N
-37.594,149.248,212.7,2020-01,NSW,D
-17.534,143.368,16.5,2020-01,QLD,N
-35.928,149.522,20.3,2020-01,NSW,D
-31.909,121.416,144.5,2020-01,WA,D
-36.754,146.661,42.5,2020-01,NSW,N
-32.437,123.513,187.0,2020-01,WA,D
-32.422,123.594,30.8,2020-01,WA,N
-35.895,148.142,161.7,2020-01,NSW,D
-32.822,124.083,18.7,2020-01,WA,D
-36.965,146.709,150.4,2020-01,NSW,D
-31.91,121.481,130.3,2020-01,WA,D
-36.744,149.405,918.8,2020-01,NSW,D
-37.252,149.269,87.9,2020-01,NSW,N
-37.421,149.236,20.4,2020-01,NSW,N
-35.623,148.872,37.1,2020-01,NSW,N
-16.016,145.104,53.9,2020-01,QLD,D
-23.918,148.324,76.8,2020-01,QLD,D
-37.518,149.391,163.2,2020-01,NSW,N
-35.879,149.697,42.6,2020-01,NSW,N
-37.615,149.157,61.4,2020-01,NSW,N
-29.059,150.779,26.2,2020-01,NSW,D
-32.674,122.301,110.9,2020-01,WA,D
-36.048,147.829,65.1,2020-01,NSW,D
-37.607,149.275,17.5,2020-01,NSW,D
-29.075,150.796,410.6,2020-01,NSW,D
-28.227,129.768,20.2,2020-01,SA,N
-35.823,149.992,468.2,2020-01,NSW,D
-37.298,149.481,33.9,2020-01,NSW,N
-30.927,123.547,90.2,2020-01,WA,D
-37.63,149.191,17.7,2020-01,NSW,N
-36.627,148.138,23.4,2020-01,NSW,N
-34.94,149.973,270.5,2020-01,NSW,D
-31.814,151.833,15.5,2020-01,NSW,N
-37.44,147.894,25.8,2020-01,NSW,N
-36.021,149.738,498.5,2020-01,NSW,D
-35.25,149.954,142.2,2020-01,NSW,D
-36.618,148.175,16.5,2020-01,NSW,D
-31.52,151.239,32.7,2020-01,NSW,N
-15.851,142.325,15.5,2020-01,QLD,D
-24.93,149.461,21.9,2020-01,QLD,D
-32.905,124.305,68.6,2020-01,WA,D
-37.362,149.679,102.1,2020-01,NSW,D
-36.487,149.515,778.0,2020-01,NSW,D
-33.974,142.202,16.2,2020-01,NSW,D
-37.604,147.563,63.6,2020-01,NSW,N
-35.611,148.905,22.4,2020-01,NSW,N
-36.425,147.686,47.9,2020-01,NSW,N
-36.975,147.286,153.4,2020-01,NSW,D
-37.07,147.061,68.4,2020-01,NSW,D
-19.762,144.309,60.1,2020-01,QLD,D
-37.041,147.36,209.9,2020-01,NSW,N
-36.826,148.136,98.1,2020-01,NSW,D
-37.507,149.374,48.4,2020-01,NSW,D
-36.654,146.606,18.2,2020-01,NSW,N
-34.672,150.339,63.9,2020-01,NSW,N
-17.1,144.078,15.1,2020-01,QLD,D
-37.41,149.569,34.8,2020-01,NSW,D
-31.759,151.779,26.5,2020-01,NSW,N
-34.798,142.559,24.3,2020-01,NSW,D
-32.389,121.555,52.2,2020-01,WA,D
-32.641,121.972,61.2,2020-01,WA,N
-30.887,123.517,166.1,2020-01,WA,D
-30.445,151.354,26.3,2020-01,NSW,D
-35.91,136.624,146.0,2020-01,SA,D
-37.537,149.139,29.0,2020-01,NSW,D
-30.811,123.318,31.3,2020-01,WA,D
-32.617,122.009,348.1,2020-01,WA,N
-37.176,148.571,22.6,2020-01,NSW,D
-36.389,149.578,11.1,2020-01,NSW,D
-30.111,150.084,12.3,2020-01,NSW,N
-32.432,123.034,11.0,2020-01,WA,N
-34.984,149.967,56.6,2020-01,NSW,D
-36.94,146.946,18.9,2020-01,NSW,N
-32.505,121.903,16.0,2020-01,WA,N
-36.964,146.809,21.0,2020-01,NSW,N
-37.467,149.765,22.1,2020-01,NSW,D
-32.47,121.952,19.0,2020-01,WA,N
-29.441,152.576,20.0,2020-01,NSW,N
-16.206,143.98,11.8,2020-01,QLD,N
-32.67,121.936,195.2,2020-01,WA,D
-37.558,149.163,12.6,2020-01,NSW,D
-33.254,122.283,90.1,2020-01,WA,D
-32.624,123.329,153.3,2020-01,WA,D
-35.421,148.113,42.8,2020-01,NSW,D
-36.471,149.617,29.7,2020-01,NSW,D
-32.708,150.074,23.1,2020-01,NSW,N
-35.557,148.942,130.6,2020-01,NSW,D
-35.905,148.855,264.4,2020-01,NSW,D
-30.806,123.371,133.4,2020-01,WA,D
-35.929,136.614,50.2,2020-01,SA,D
-32.405,123.049,15.1,2020-01,WA,N
-36.048,149.727,41.7,2020-01,NSW,D
-31.706,132.865,779.5,2020-01,SA,N
-32.673,150.073,10.6,2020-01,NSW,N
-37.206,149.961,20.4,2020-01,NSW,N
-37.374,148.95,45.0,2020-01,NSW,N
-37.329,147.722,26.8,2020-01,NSW,N
-36.43,147.783,23.5,2020-01,NSW,D
-36.111,147.895,24.1,2020-01,NSW,D
-31.978,121.469,122.1,2020-01,WA,D
-35.624,148.185,124.0,2020-01,NSW,D
-32.537,123.057,7060.7,2020-01,WA,D
-31.538,151.315,145.8,2020-01,NSW,D
-36.236,150.008,16.4,2020-01,NSW,D
-32.622,150.794,28.3,2020-01,NSW,D
-37.291,149.117,35.7,2020-01,NSW,D
-37.018,146.976,13.4,2020-01,NSW,D
-32.52,123.058,3273.1,2020-01,WA,D
-36.99,147.3,181.0,2020-01,NSW,D
-37.03,146.745,14.5,2020-01,NSW,N
-37.275,147.971,24.5,2020-01,NSW,D
-23.841,145.037,11.9,2020-01,QLD,D
-32.564,122.026,355.6,2020-01,WA,D
-37.279,149.289,4.9,2020-01,NSW,D
-33.154,150.067,43.6,2020-01,NSW,D
-33.228,122.138,78.5,2020-01,WA,D
-37.298,149.189,27.6,2020-01,NSW,N
-36.687,147.882,180.5,2020-01,NSW,N
-37.564,147.991,8.0,2020-01,NSW,N
-36.781,146.754,67.4,2020-01,NSW,N
-35.652,148.92,17.9,2020-01,NSW,D
-35.729,149.957,58.4,2020-01,NSW,D
-22.843,148.632,37.1,2020-01,QLD,N
-37.373,149.563,345.2,2020-01,NSW,D
-36.137,149.388,19.8,2020-01,NSW,D
-30.929,123.734,33.9,2020-01,WA,D
-35.83,149.832,14.2,2020-01,NSW,N
-35.902,149.758,18.4,2020-01,NSW,D
-31.518,151.284,8.5,2020-01,NSW,N
-37.089,147.02,157.5,2020-01,NSW,D
-32.81,124.201,2636.9,2020-01,WA,D
-37.286,149.055,27.9,2020-01,NSW,D
-34.778,150.358,13.5,2020-01,NSW,D
-37.528,149.368,34.7,2020-01,NSW,N
-37.294,149.819,0.0,2020-01,NSW,N
-36.108,149.518,1050.5,2020-01,NSW,D
-29.434,152.162,16.5,2020-01,NSW,D
-28.778,128.506,53.8,2020-01,WA,D
-37.281,149.854,0.0,2020-01,NSW,N
-36.988,147.393,139.7,2020-01,NSW,D
-35.501,148.403,14.0,2020-01,NSW,N
-37.039,147.485,144.5,2020-01,NSW,D
-32.711,121.074,11.1,2020-01,WA,D
-35.933,148.344,45.9,2020-01,NSW,N
-36.442,149.974,35.2,2020-01,NSW,D
-16.936,144.31,74.8,2020-01,QLD,D
-36.511,149.925,11.8,2020-01,NSW,N
-36.979,148.268,152.4,2020-01,NSW,D
-35.975,150.001,13.4,2020-01,NSW,N
-36.794,148.014,0.0,2020-01,NSW,D
-19.723,144.342,20.3,2020-01,QLD,N
-35.875,148.854,17.4,2020-01,NSW,N
-37.517,148.085,42.4,2020-01,NSW,N
-37.544,149.053,6.5,2020-01,NSW,N
-37.624,148.923,22.3,2020-01,NSW,N
-32.658,122.333,1227.7,2020-01,WA,D
-37.155,148.198,80.0,2020-01,NSW,D
-36.533,148.044,44.1,2020-01,NSW,D
-16.792,129.64,59.4,2020-01,NT,N
-41.713,148.053,67.0,2020-01,VIC,N
-19.798,143.731,13.8,2020-01,QLD,N
-35.873,148.044,467.8,2020-01,NSW,D
-35.228,147.862,16.4,2020-01,NSW,N
-35.727,149.964,250.6,2020-01,NSW,D
-41.608,147.835,9.9,2020-01,VIC,N
-32.628,150.806,42.1,2020-01,NSW,D
-35.824,147.618,65.7,2020-01,NSW,N
-35.827,137.421,11.2,2020-01,SA,D
-16.666,145.167,27.9,2020-01,QLD,D
-35.87,149.97,74.3,2020-01,NSW,N
-30.856,123.36,45.3,2020-01,WA,D
-37.416,149.46,34.3,2020-01,NSW,N
-31.323,151.294,23.2,2020-01,NSW,D
-37.594,147.57,34.4,2020-01,NSW,N
-31.022,123.779,180.9,2020-01,WA,D
-35.815,150.001,40.6,2020-01,NSW,N
-41.643,147.996,26.0,2020-01,VIC,D
-36.548,149.933,37.0,2020-01,NSW,D
-37.115,148.082,37.4,2020-01,NSW,N
-37.134,149.854,0.0,2020-01,NSW,N
-34.319,150.338,140.8,2020-01,NSW,D
-32.348,123.555,30.4,2020-01,WA,D
-37.037,148.161,224.2,2020-01,NSW,D
-36.494,148.187,108.5,2020-01,NSW,D
-15.716,132.243,90.6,2020-01,NT,D
-36.341,147.737,31.9,2020-01,NSW,D
-35.991,149.386,311.3,2020-01,NSW,D
-32.669,150.98,10.8,2020-01,NSW,N
-17.136,144.902,26.0,2020-01,QLD,D
-36.05,148.469,113.6,2020-01,NSW,D
-17.882,143.403,17.5,2020-01,QLD,D
-32.453,123.51,123.3,2020-01,WA,D
-35.989,148.341,15.2,2020-01,NSW,N
-35.476,148.051,1533.5,2020-01,NSW,D
-36.707,146.722,353.9,2020-01,NSW,D
-35.896,147.934,80.7,2020-01,NSW,D
-32.493,121.395,106.9,2020-01,WA,D
-34.734,150.272,25.4,2020-01,NSW,N
-32.515,123.389,73.2,2020-01,WA,D
-32.612,123.417,18.3,2020-01,WA,D
-33.163,150.108,23.3,2020-01,NSW,D
-37.244,149.166,15.2,2020-01,NSW,D
-36.714,149.379,16.8,2020-01,NSW,D
-19.961,144.434,8.2,2020-01,QLD,N
-20.427,148.259,8.5,2020-01,QLD,N
-32.724,122.3,70.0,2020-01,WA,D
-36.339,149.94,46.1,2020-01,NSW,D
-35.993,149.568,17.7,2020-01,NSW,N
-32.406,123.64,973.3,2020-01,WA,D
-13.153,130.324,15.5,2020-01,NT,D
-37.182,149.113,335.0,2020-01,NSW,N
-25.402,149.164,46.0,2020-01,QLD,D
-32.53,122.286,235.2,2020-01,WA,D
-32.548,150.411,25.8,2020-01,NSW,D
-37.379,149.432,86.6,2020-01,NSW,D
-32.535,150.475,47.7,2020-01,NSW,D
-37.658,148.588,53.2,2020-01,NSW,D
-31.504,151.254,59.4,2020-01,NSW,N
-36.359,147.825,142.3,2020-01,NSW,D
-35.748,149.864,21.1,2020-01,NSW,D
-35.865,147.508,11.0,2020-01,NSW,N
-37.127,149.809,0.0,2020-01,NSW,N
-37.331,149.507,62.8,2020-01,NSW,D
-22.196,150.039,117.7,2020-01,QLD,D
-34.263,149.938,27.8,2020-01,NSW,N
-32.691,122.022,94.4,2020-01,WA,D
-35.903,150.007,42.7,2020-01,NSW,D
-32.562,122.288,525.2,2020-01,WA,D
-29.397,152.182,8.7,2020-01,NSW,N
-30.534,150.842,89.1,2020-01,NSW,D
-37.627,147.583,102.3,2020-01,NSW,D
-31.463,151.758,117.9,2020-01,NSW,D
-24.074,132.846,47.0,2020-01,NT,N
-35.942,148.193,103.6,2020-01,NSW,D
-37.463,149.775,42.1,2020-01,NSW,N
-35.865,148.702,143.3,2020-01,NSW,D
-19.296,139.498,7.2,2020-01,QLD,N
-36.724,146.59,18.3,2020-01,NSW,D
-34.32,150.348,72.7,2020-01,NSW,D
-36.906,146.591,13.1,2020-01,NSW,N
-36.009,148.443,0.0,2020-01,NSW,D
-31.999,149.064,45.9,2020-01,NSW,N
-35.74,149.848,32.0,2020-01,NSW,D
-35.736,148.235,299.9,2020-01,NSW,D
-26.507,150.674,83.8,2020-01,QLD,D
-37.258,147.984,108.8,2020-01,NSW,N
-15.137,141.709,15.4,2020-01,QLD,D
-35.983,149.5,49.1,2020-01,NSW,D
-32.516,150.226,33.6,2020-01,NSW,N
-37.734,148.346,52.8,2020-01,NSW,D
-37.663,149.03,24.9,2020-01,NSW,N
-35.486,148.042,605.1,2020-01,NSW,D
-37.095,148.29,622.9,2020-01,NSW,D
-37.361,147.728,28.0,2020-01,NSW,N
-41.623,147.835,32.0,2020-01,VIC,N
-35.134,150.571,14.3,2020-01,NSW,N
-36.727,148.188,23.8,2020-01,NSW,N
-31.868,121.502,29.9,2020-01,WA,N
-35.867,149.955,11.6,2020-01,NSW,D
-31.907,121.406,6.9,2020-01,WA,N
-36.577,149.929,34.4,2020-01,NSW,N
