season,season_start,month_num,month_order,month_label,total_fire_area_km2,total_count,is_black_summer,black_summer_window,baseline_fire_area_km2,area_ratio,row_index,row_base,row_label_y,band_start,band_label,band_color,band_value,row_top,area_ratio_label
2005,2005,1,0,Jan,3975.4,2008,False,True,5348.7,0.7432529703757023,15,23.25,23.75,0,0-1x avg,#4f1f22,0.743,23.993,0.74
2005,2005,1,0,Jan,3975.4,2008,False,True,5348.7,0.7432529703757023,15,23.25,23.75,1,1-2x avg,#a3372b,0.0,23.25,0.74
2005,2005,1,0,Jan,3975.4,2008,False,True,5348.7,0.7432529703757023,15,23.25,23.75,2,2-3x avg,#e74c3c,0.0,23.25,0.74
2005,2005,1,0,Jan,3975.4,2008,False,True,5348.7,0.7432529703757023,15,23.25,23.75,3,3-4x avg,#f8c471,0.0,23.25,0.74
2005,2005,2,1,Feb,3534.5,1705,False,False,2539.6,1.3917467781946642,15,23.25,23.75,0,0-1x avg,#4f1f22,1.0,24.25,1.39
2005,2005,2,1,Feb,3534.5,1705,False,False,2539.6,1.3917467781946642,15,23.25,23.75,1,1-2x avg,#a3372b,0.392,23.642,1.39
2005,2005,2,1,Feb,3534.5,1705,False,False,2539.6,1.3917467781946642,15,23.25,23.75,2,2-3x avg,#e74c3c,0.0,23.25,1.39
2005,2005,2,1,Feb,3534.5,1705,False,False,2539.6,1.3917467781946642,15,23.25,23.75,3,3-4x avg,#f8c471,0.0,23.25,1.39
2005,2005,3,2,Mar,5095.8,2396,False,False,2921.4,1.744287883344458,15,23.25,23.75,0,0-1x avg,#4f1f22,1.0,24.25,1.74
2005,2005,3,2,Mar,5095.8,2396,False,False,2921.4,1.744287883344458,15,23.25,23.75,1,1-2x avg,#a3372b,0.744,23.994,1.74
2005,2005,3,2,Mar,5095.8,2396,False,False,2921.4,1.744287883344458,15,23.25,23.75,2,2-3x avg,#e74c3c,0.0,23.25,1.74
2005,2005,3,2,Mar,5095.8,2396,False,False,2921.4,1.744287883344458,15,23.25,23.75,3,3-4x avg,#f8c471,0.0,23.25,1.74
2005,2005,4,3,Apr,5871.8,2928,False,False,4887.6,1.2013649682506047,15,23.25,23.75,0,0-1x avg,#4f1f22,1.0,24.25,1.2
2005,2005,4,3,Apr,5871.8,2928,False,False,4887.6,1.2013649682506047,15,23.25,23.75,1,1-2x avg,#a3372b,0.201,23.451,1.2
2005,2005,4,3,Apr,5871.8,2928,False,False,4887.6,1.2013649682506047,15,23.25,23.75,2,2-3x avg,#e74c3c,0.0,23.25,1.2
2005,2005,4,3,Apr,5871.8,2928,False,False,4887.6,1.2013649682506047,15,23.25,23.75,3,3-4x avg,#f8c471,0.0,23.25,1.2
2005,2005,5,4,May,3970.3,2073,False,False,2832.4,1.4017582439752658,15,23.25,23.75,0,0-1x avg,#4f1f22,1.0,24.25,1.4
2005,2005,5,4,May,3970.3,2073,False,False,2832.4,1.4017582439752658,15,23.25,23.75,1,1-2x avg,#a3372b,0.402,23.652,1.4
2005,2005,5,4,May,3970.3,2073,False,False,2832.4,1.4017582439752658,15,23.25,23.75,2,2-3x avg,#e74c3c,0.0,23.25,1.4
2005,2005,5,4,May,3970.3,2073,False,False,2832.4,1.4017582439752658,15,23.25,23.75,3,3-4x avg,#f8c471,0.0,23.25,1.4
2005,2005,6,5,Jun,1463.9,869,False,False,1375.0,1.0646821995376503,15,23.25,23.75,0,0-1x avg,#4f1f22,1.0,24.25,1.06
2005,2005,6,5,Jun,1463.9,869,False,False,1375.0,1.0646821995376503,15,23.25,23.75,1,1-2x avg,#a3372b,0.065,23.315,1.06
2005,2005,6,5,Jun,1463.9,869,False,False,1375.0,1.0646821995376503,15,23.25,23.75,2,2-3x avg,#e74c3c,0.0,23.25,1.06
2005,2005,6,5,Jun,1463.9,869,False,False,1375.0,1.0646821995376503,15,23.25,23.75,3,3-4x avg,#f8c471,0.0,23.25,1.06
2005,2005,7,6,Jul,1401.4,839,False,False,1934.2,0.7245212227745076,15,23.25,23.75,0,0-1x avg,#4f1f22,0.725,23.975,0.72
2005,2005,7,6,Jul,1401.4,839,False,False,1934.2,0.7245212227745076,15,23.25,23.75,1,1-2x avg,#a3372b,0.0,23.25,0.72
2005,2005,7,6,Jul,1401.4,839,False,False,1934.2,0.7245212227745076,15,23.25,23.75,2,2-3x avg,#e74c3c,0.0,23.25,0.72
2005,2005,7,6,Jul,1401.4,839,False,False,1934.2,0.7245212227745076,15,23.25,23.75,3,3-4x avg,#f8c471,0.0,23.25,0.72
2005,2005,8,7,Aug,3274.6,1875,False,True,3967.9,0.8252653862839799,15,23.25,23.75,0,0-1x avg,#4f1f22,0.825,24.075,0.83
2005,2005,8,7,Aug,3274.6,1875,False,True,3967.9,0.8252653862839799,15,23.25,23.75,1,1-2x avg,#a3372b,0.0,23.25,0.83
2005,2005,8,7,Aug,3274.6,1875,False,True,3967.9,0.8252653862839799,15,23.25,23.75,2,2-3x avg,#e74c3c,0.0,23.25,0.83
2005,2005,8,7,Aug,3274.6,1875,False,True,3967.9,0.8252653862839799,15,23.25,23.75,3,3-4x avg,#f8c471,0.0,23.25,0.83
2005,2005,9,8,Sep,5496.2,3244,False,True,7883.9,0.6971422772993062,15,23.25,23.75,0,0-1x avg,#4f1f22,0.697,23.947,0.7
2005,2005,9,8,Sep,5496.2,3244,False,True,7883.9,0.6971422772993062,15,23.25,23.75,1,1-2x avg,#a3372b,0.0,23.25,0.7
2005,2005,9,8,Sep,5496.2,3244,False,True,7883.9,0.6971422772993062,15,23.25,23.75,2,2-3x avg,#e74c3c,0.0,23.25,0.7
2005,2005,9,8,Sep,5496.2,3244,False,True,7883.9,0.6971422772993062,15,23.25,23.75,3,3-4x avg,#f8c471,0.0,23.25,0.7
2005,2005,10,9,Oct,11915.1,6223,False,True,12415.8,0.9596734571772111,15,23.25,23.75,0,0-1x avg,#4f1f22,0.96,24.21,0.96
2005,2005,10,9,Oct,11915.1,6223,False,True,12415.8,0.9596734571772111,15,23.25,23.75,1,1-2x avg,#a3372b,0.0,23.25,0.96
2005,2005,10,9,Oct,11915.1,6223,False,True,12415.8,0.9596734571772111,15,23.25,23.75,2,2-3x avg,#e74c3c,0.0,23.25,0.96
2005,2005,10,9,Oct,11915.1,6223,False,True,12415.8,0.9596734571772111,15,23.25,23.75,3,3-4x avg,#f8c471,0.0,23.25,0.96
2005,2005,11,10,Nov,9054.5,4771,False,True,15165.5,0.5970470514316827,15,23.25,23.75,0,0-1x avg,#4f1f22,0.597,23.847,0.6
2005,2005,11,10,Nov,9054.5,4771,False,True,15165.5,0.5970470514316827,15,23.25,23.75,1,1-2x avg,#a3372b,0.0,23.25,0.6
2005,2005,11,10,Nov,9054.5,4771,False,True,15165.5,0.5970470514316827,15,23.25,23.75,2,2-3x avg,#e74c3c,0.0,23.25,0.6
2005,2005,11,10,Nov,9054.5,4771,False,True,15165.5,0.5970470514316827,15,23.25,23.75,3,3-4x avg,#f8c471,0.0,23.25,0.6
2005,2005,12,11,Dec,11862.5,6424,False,True,10231.7,1.1593829562502664,15,23.25,23.75,0,0-1x avg,#4f1f22,1.0,24.25,1.16
2005,2005,12,11,Dec,11862.5,6424,False,True,10231.7,1.1593829562502664,15,23.25,23.75,1,1-2x avg,#a3372b,0.159,23.409,1.16
2005,2005,12,11,Dec,11862.5,6424,False,True,10231.7,1.1593829562502664,15,23.25,23.75,2,2-3x avg,#e74c3c,0.0,23.25,1.16
2005,2005,12,11,Dec,11862.5,6424,False,True,10231.7,1.1593829562502664,15,23.25,23.75,3,3-4x avg,#f8c471,0.0,23.25,1.16
2006,2006,1,0,Jan,6638.7,3152,False,True,5348.7,1.2411917025791552,14,21.7,22.2,0,0-1x avg,#4f1f22,1.0,22.7,1.24
2006,2006,1,0,Jan,6638.7,3152,False,True,5348.7,1.2411917025791552,14,21.7,22.2,1,1-2x avg,#a3372b,0.241,21.941,1.24
2006,2006,1,0,Jan,6638.7,3152,False,True,5348.7,1.2411917025791552,14,21.7,22.2,2,2-3x avg,#e74c3c,0.0,21.7,1.24
2006,2006,1,0,Jan,6638.7,3152,False,True,5348.7,1.2411917025791552,14,21.7,22.2,3,3-4x avg,#f8c471,0.0,21.7,1.24
2006,2006,2,1,Feb,3085.5,1498,False,False,2539.6,1.2149482767349373,14,21.7,22.2,0,0-1x avg,#4f1f22,1.0,22.7,1.21
2006,2006,2,1,Feb,3085.5,1498,False,False,2539.6,1.2149482767349373,14,21.7,22.2,1,1-2x avg,#a3372b,0.215,21.915,1.21
2006,2006,2,1,Feb,3085.5,1498,False,False,2539.6,1.2149482767349373,14,21.7,22.2,2,2-3x avg,#e74c3c,0.0,21.7,1.21
2006,2006,2,1,Feb,3085.5,1498,False,False,2539.6,1.2149482767349373,14,21.7,22.2,3,3-4x avg,#f8c471,0.0,21.7,1.21
2006,2006,3,2,Mar,2020.2,1022,False,False,2921.4,0.6915126931850689,14,21.7,22.2,0,0-1x avg,#4f1f22,0.692,22.392,0.69
2006,2006,3,2,Mar,2020.2,1022,False,False,2921.4,0.6915126931850689,14,21.7,22.2,1,1-2x avg,#a3372b,0.0,21.7,0.69
2006,2006,3,2,Mar,2020.2,1022,False,False,2921.4,0.6915126931850689,14,21.7,22.2,2,2-3x avg,#e74c3c,0.0,21.7,0.69
2006,2006,3,2,Mar,2020.2,1022,False,False,2921.4,0.6915126931850689,14,21.7,22.2,3,3-4x avg,#f8c471,0.0,21.7,0.69
2006,2006,4,3,Apr,5509.8,2939,False,False,4887.6,1.1273000957231483,14,21.7,22.2,0,0-1x avg,#4f1f22,1.0,22.7,1.13
2006,2006,4,3,Apr,5509.8,2939,False,False,4887.6,1.1273000957231483,14,21.7,22.2,1,1-2x avg,#a3372b,0.127,21.827,1.13
2006,2006,4,3,Apr,5509.8,2939,False,False,4887.6,1.1273000957231483,14,21.7,22.2,2,2-3x avg,#e74c3c,0.0,21.7,1.13
2006,2006,4,3,Apr,5509.8,2939,False,False,4887.6,1.1273000957231483,14,21.7,22.2,3,3-4x avg,#f8c471,0.0,21.7,1.13
2006,2006,5,4,May,3766.7,1984,False,False,2832.4,1.3298750163921198,14,21.7,22.2,0,0-1x avg,#4f1f22,1.0,22.7,1.33
2006,2006,5,4,May,3766.7,1984,False,False,2832.4,1.3298750163921198,14,21.7,22.2,1,1-2x avg,#a3372b,0.33,22.03,1.33
2006,2006,5,4,May,3766.7,1984,False,False,2832.4,1.3298750163921198,14,21.7,22.2,2,2-3x avg,#e74c3c,0.0,21.7,1.33
2006,2006,5,4,May,3766.7,1984,False,False,2832.4,1.3298750163921198,14,21.7,22.2,3,3-4x avg,#f8c471,0.0,21.7,1.33
2006,2006,6,5,Jun,1837.0,1068,False,False,1375.0,1.3360347022000572,14,21.7,22.2,0,0-1x avg,#4f1f22,1.0,22.7,1.34
2006,2006,6,5,Jun,1837.0,1068,False,False,1375.0,1.3360347022000572,14,21.7,22.2,1,1-2x avg,#a3372b,0.336,22.036,1.34
2006,2006,6,5,Jun,1837.0,1068,False,False,1375.0,1.3360347022000572,14,21.7,22.2,2,2-3x avg,#e74c3c,0.0,21.7,1.34
2006,2006,6,5,Jun,1837.0,1068,False,False,1375.0,1.3360347022000572,14,21.7,22.2,3,3-4x avg,#f8c471,0.0,21.7,1.34
2006,2006,7,6,Jul,1258.2,728,False,False,1934.2,0.6504870861245079,14,21.7,22.2,0,0-1x avg,#4f1f22,0.65,22.35,0.65
2006,2006,7,6,Jul,1258.2,728,False,False,1934.2,0.6504870861245079,14,21.7,22.2,1,1-2x avg,#a3372b,0.0,21.7,0.65
2006,2006,7,6,Jul,1258.2,728,False,False,1934.2,0.6504870861245079,14,21.7,22.2,2,2-3x avg,#e74c3c,0.0,21.7,0.65
2006,2006,7,6,Jul,1258.2,728,False,False,1934.2,0.6504870861245079,14,21.7,22.2,3,3-4x avg,#f8c471,0.0,21.7,0.65
2006,2006,8,7,Aug,5252.5,3025,False,True,3967.9,1.323736163640324,14,21.7,22.2,0,0-1x avg,#4f1f22,1.0,22.7,1.32
2006,2006,8,7,Aug,5252.5,3025,False,True,3967.9,1.323736163640324,14,21.7,22.2,1,1-2x avg,#a3372b,0.324,22.024,1.32
2006,2006,8,7,Aug,5252.5,3025,False,True,3967.9,1.323736163640324,14,21.7,22.2,2,2-3x avg,#e74c3c,0.0,21.7,1.32
2006,2006,8,7,Aug,5252.5,3025,False,True,3967.9,1.323736163640324,14,21.7,22.2,3,3-4x avg,#f8c471,0.0,21.7,1.32
2006,2006,9,8,Sep,5296.3,2808,False,True,7883.9,0.6717868060224002,14,21.7,22.2,0,0-1x avg,#4f1f22,0.672,22.372,0.67
2006,2006,9,8,Sep,5296.3,2808,False,True,7883.9,0.6717868060224002,14,21.7,22.2,1,1-2x avg,#a3372b,0.0,21.7,0.67
2006,2006,9,8,Sep,5296.3,2808,False,True,7883.9,0.6717868060224002,14,21.7,22.2,2,2-3x avg,#e74c3c,0.0,21.7,0.67
2006,2006,9,8,Sep,5296.3,2808,False,True,7883.9,0.6717868060224002,14,21.7,22.2,3,3-4x avg,#f8c471,0.0,21.7,0.67
2006,2006,10,9,Oct,6397.6,3365,False,True,12415.8,0.5152795116815575,14,21.7,22.2,0,0-1x avg,#4f1f22,0.515,22.215,0.52
2006,2006,10,9,Oct,6397.6,3365,False,True,12415.8,0.5152795116815575,14,21.7,22.2,1,1-2x avg,#a3372b,0.0,21.7,0.52
2006,2006,10,9,Oct,6397.6,3365,False,True,12415.8,0.5152795116815575,14,21.7,22.2,2,2-3x avg,#e74c3c,0.0,21.7,0.52
2006,2006,10,9,Oct,6397.6,3365,False,True,12415.8,0.5152795116815575,14,21.7,22.2,3,3-4x avg,#f8c471,0.0,21.7,0.52
2006,2006,11,10,Nov,28483.8,15202,False,True,15165.5,1.878200762446271,14,21.7,22.2,0,0-1x avg,#4f1f22,1.0,22.7,1.88
2006,2006,11,10,Nov,28483.8,15202,False,True,15165.5,1.878200762446271,14,21.7,22.2,1,1-2x avg,#a3372b,0.878,22.578,1.88
2006,2006,11,10,Nov,28483.8,15202,False,True,15165.5,1.878200762446271,14,21.7,22.2,2,2-3x avg,#e74c3c,0.0,21.7,1.88
2006,2006,11,10,Nov,28483.8,15202,False,True,15165.5,1.878200762446271,14,21.7,22.2,3,3-4x avg,#f8c471,0.0,21.7,1.88
2006,2006,12,11,Dec,22481.6,11358,False,True,10231.7,2.1972420543086186,14,21.7,22.2,0,0-1x avg,#4f1f22,1.0,22.7,2.2
2006,2006,12,11,Dec,22481.6,11358,False,True,10231.7,2.1972420543086186,14,21.7,22.2,1,1-2x avg,#a3372b,1.0,22.7,2.2
2006,2006,12,11,Dec,22481.6,11358,False,True,10231.7,2.1972420543086186,14,21.7,22.2,2,2-3x avg,#e74c3c,0.197,21.897,2.2
2006,2006,12,11,Dec,22481.6,11358,False,True,10231.7,2.1972420543086186,14,21.7,22.2,3,3-4x avg,#f8c471,0.0,21.7,2.2
2007,2007,1,0,Jan,7988.6,4165,False,True,5348.7,1.4935731446252791,13,20.150000000000002,20.650000000000002,0,0-1x avg,#4f1f22,1.0,21.15,1.49
2007,2007,1,0,Jan,7988.6,4165,False,True,5348.7,1.4935731446252791,13,20.150000000000002,20.650000000000002,1,1-2x avg,#a3372b,0.494,20.644,1.49
2007,2007,1,0,Jan,7988.6,4165,False,True,5348.7,1.4935731446252791,13,20.150000000000002,20.650000000000002,2,2-3x avg,#e74c3c,0.0,20.15,1.49
2007,2007,1,0,Jan,7988.6,4165,False,True,5348.7,1.4935731446252791,13,20.150000000000002,20.650000000000002,3,3-4x avg,#f8c471,0.0,20.15,1.49
2007,2007,2,1,Feb,2899.1,1478,False,False,2539.6,1.1415513041913001,13,20.150000000000002,20.650000000000002,0,0-1x avg,#4f1f22,1.0,21.15,1.14
2007,2007,2,1,Feb,2899.1,1478,False,False,2539.6,1.1415513041913001,13,20.150000000000002,20.650000000000002,1,1-2x avg,#a3372b,0.142,20.292,1.14
2007,2007,2,1,Feb,2899.1,1478,False,False,2539.6,1.1415513041913001,13,20.150000000000002,20.650000000000002,2,2-3x avg,#e74c3c,0.0,20.15,1.14
2007,2007,2,1,Feb,2899.1,1478,False,False,2539.6,1.1415513041913001,13,20.150000000000002,20.650000000000002,3,3-4x avg,#f8c471,0.0,20.15,1.14
2007,2007,3,2,Mar,2116.0,1101,False,False,2921.4,0.7243049494008542,13,20.150000000000002,20.650000000000002,0,0-1x avg,#4f1f22,0.724,20.874,0.72
2007,2007,3,2,Mar,2116.0,1101,False,False,2921.4,0.7243049494008542,13,20.150000000000002,20.650000000000002,1,1-2x avg,#a3372b,0.0,20.15,0.72
2007,2007,3,2,Mar,2116.0,1101,False,False,2921.4,0.7243049494008542,13,20.150000000000002,20.650000000000002,2,2-3x avg,#e74c3c,0.0,20.15,0.72
2007,2007,3,2,Mar,2116.0,1101,False,False,2921.4,0.7243049494008542,13,20.150000000000002,20.650000000000002,3,3-4x avg,#f8c471,0.0,20.15,0.72
2007,2007,4,3,Apr,2539.1,1446,False,False,4887.6,0.5194975630786318,13,20.150000000000002,20.650000000000002,0,0-1x avg,#4f1f22,0.519,20.669,0.52
2007,2007,4,3,Apr,2539.1,1446,False,False,4887.6,0.5194975630786318,13,20.150000000000002,20.650000000000002,1,1-2x avg,#a3372b,0.0,20.15,0.52
2007,2007,4,3,Apr,2539.1,1446,False,False,4887.6,0.5194975630786318,13,20.150000000000002,20.650000000000002,2,2-3x avg,#e74c3c,0.0,20.15,0.52
2007,2007,4,3,Apr,2539.1,1446,False,False,4887.6,0.5194975630786318,13,20.150000000000002,20.650000000000002,3,3-4x avg,#f8c471,0.0,20.15,0.52
2007,2007,5,4,May,1644.8,954,False,False,2832.4,0.5807147972925263,13,20.150000000000002,20.650000000000002,0,0-1x avg,#4f1f22,0.581,20.731,0.58
2007,2007,5,4,May,1644.8,954,False,False,2832.4,0.5807147972925263,13,20.150000000000002,20.650000000000002,1,1-2x avg,#a3372b,0.0,20.15,0.58
2007,2007,5,4,May,1644.8,954,False,False,2832.4,0.5807147972925263,13,20.150000000000002,20.650000000000002,2,2-3x avg,#e74c3c,0.0,20.15,0.58
2007,2007,5,4,May,1644.8,954,False,False,2832.4,0.5807147972925263,13,20.150000000000002,20.650000000000002,3,3-4x avg,#f8c471,0.0,20.15,0.58
2007,2007,6,5,Jun,714.9,392,False,False,1375.0,0.5199407776825372,13,20.150000000000002,20.650000000000002,0,0-1x avg,#4f1f22,0.52,20.67,0.52
2007,2007,6,5,Jun,714.9,392,False,False,1375.0,0.5199407776825372,13,20.150000000000002,20.650000000000002,1,1-2x avg,#a3372b,0.0,20.15,0.52
2007,2007,6,5,Jun,714.9,392,False,False,1375.0,0.5199407776825372,13,20.150000000000002,20.650000000000002,2,2-3x avg,#e74c3c,0.0,20.15,0.52
2007,2007,6,5,Jun,714.9,392,False,False,1375.0,0.5199407776825372,13,20.150000000000002,20.650000000000002,3,3-4x avg,#f8c471,0.0,20.15,0.52
2007,2007,7,6,Jul,2377.7,1307,False,False,1934.2,1.2292665273233527,13,20.150000000000002,20.650000000000002,0,0-1x avg,#4f1f22,1.0,21.15,1.23
2007,2007,7,6,Jul,2377.7,1307,False,False,1934.2,1.2292665273233527,13,20.150000000000002,20.650000000000002,1,1-2x avg,#a3372b,0.229,20.379,1.23
2007,2007,7,6,Jul,2377.7,1307,False,False,1934.2,1.2292665273233527,13,20.150000000000002,20.650000000000002,2,2-3x avg,#e74c3c,0.0,20.15,1.23
2007,2007,7,6,Jul,2377.7,1307,False,False,1934.2,1.2292665273233527,13,20.150000000000002,20.650000000000002,3,3-4x avg,#f8c471,0.0,20.15,1.23
2007,2007,8,7,Aug,2239.0,1366,False,True,3967.9,0.5642732547150281,13,20.150000000000002,20.650000000000002,0,0-1x avg,#4f1f22,0.564,20.714,0.56
2007,2007,8,7,Aug,2239.0,1366,False,True,3967.9,0.5642732547150281,13,20.150000000000002,20.650000000000002,1,1-2x avg,#a3372b,0.0,20.15,0.56
2007,2007,8,7,Aug,2239.0,1366,False,True,3967.9,0.5642732547150281,13,20.150000000000002,20.650000000000002,2,2-3x avg,#e74c3c,0.0,20.15,0.56
2007,2007,8,7,Aug,2239.0,1366,False,True,3967.9,0.5642732547150281,13,20.150000000000002,20.650000000000002,3,3-4x avg,#f8c471,0.0,20.15,0.56
2007,2007,9,8,Sep,6904.0,3712,False,True,7883.9,0.8757087228402187,13,20.150000000000002,20.650000000000002,0,0-1x avg,#4f1f22,0.876,21.026,0.88
2007,2007,9,8,Sep,6904.0,3712,False,True,7883.9,0.8757087228402187,13,20.150000000000002,20.650000000000002,1,1-2x avg,#a3372b,0.0,20.15,0.88
2007,2007,9,8,Sep,6904.0,3712,False,True,7883.9,0.8757087228402187,13,20.150000000000002,20.650000000000002,2,2-3x avg,#e74c3c,0.0,20.15,0.88
2007,2007,9,8,Sep,6904.0,3712,False,True,7883.9,0.8757087228402187,13,20.150000000000002,20.650000000000002,3,3-4x avg,#f8c471,0.0,20.15,0.88
2007,2007,10,9,Oct,8059.5,4227,False,True,12415.8,0.6491333038010367,13,20.150000000000002,20.650000000000002,0,0-1x avg,#4f1f22,0.649,20.799,0.65
2007,2007,10,9,Oct,8059.5,4227,False,True,12415.8,0.6491333038010367,13,20.150000000000002,20.650000000000002,1,1-2x avg,#a3372b,0.0,20.15,0.65
2007,2007,10,9,Oct,8059.5,4227,False,True,12415.8,0.6491333038010367,13,20.150000000000002,20.650000000000002,2,2-3x avg,#e74c3c,0.0,20.15,0.65
2007,2007,10,9,Oct,8059.5,4227,False,True,12415.8,0.6491333038010367,13,20.150000000000002,20.650000000000002,3,3-4x avg,#f8c471,0.0,20.15,0.65
2007,2007,11,10,Nov,10637.5,5293,False,True,15165.5,0.7014289038162819,13,20.150000000000002,20.650000000000002,0,0-1x avg,#4f1f22,0.701,20.851,0.7
2007,2007,11,10,Nov,10637.5,5293,False,True,15165.5,0.7014289038162819,13,20.150000000000002,20.650000000000002,1,1-2x avg,#a3372b,0.0,20.15,0.7
2007,2007,11,10,Nov,10637.5,5293,False,True,15165.5,0.7014289038162819,13,20.150000000000002,20.650000000000002,2,2-3x avg,#e74c3c,0.0,20.15,0.7
2007,2007,11,10,Nov,10637.5,5293,False,True,15165.5,0.7014289038162819,13,20.150000000000002,20.650000000000002,3,3-4x avg,#f8c471,0.0,20.15,0.7
2007,2007,12,11,Dec,6009.1,2939,False,True,10231.7,0.5873001578422319,13,20.150000000000002,20.650000000000002,0,0-1x avg,#4f1f22,0.587,20.737,0.59
2007,2007,12,11,Dec,6009.1,2939,False,True,10231.7,0.5873001578422319,13,20.150000000000002,20.650000000000002,1,1-2x avg,#a3372b,0.0,20.15,0.59
2007,2007,12,11,Dec,6009.1,2939,False,True,10231.7,0.5873001578422319,13,20.150000000000002,20.650000000000002,2,2-3x avg,#e74c3c,0.0,20.15,0.59
2007,2007,12,11,Dec,6009.1,2939,False,True,10231.7,0.5873001578422319,13,20.150000000000002,20.650000000000002,3,3-4x avg,#f8c471,0.0,20.15,0.59
2008,2008,1,0,Jan,1136.4,527,False,True,5348.7,0.2124648275733129,12,18.6,19.1,0,0-1x avg,#4f1f22,0.212,18.812,0.21
2008,2008,1,0,Jan,1136.4,527,False,True,5348.7,0.2124648275733129,12,18.6,19.1,1,1-2x avg,#a3372b,0.0,18.6,0.21
2008,2008,1,0,Jan,1136.4,527,False,True,5348.7,0.2124648275733129,12,18.6,19.1,2,2-3x avg,#e74c3c,0.0,18.6,0.21
2008,2008,1,0,Jan,1136.4,527,False,True,5348.7,0.2124648275733129,12,18.6,19.1,3,3-4x avg,#f8c471,0.0,18.6,0.21
2008,2008,2,1,Feb,424.7,206,False,False,2539.6,0.16723011930945644,12,18.6,19.1,0,0-1x avg,#4f1f22,0.167,18.767,0.17
2008,2008,2,1,Feb,424.7,206,False,False,2539.6,0.16723011930945644,12,18.6,19.1,1,1-2x avg,#a3372b,0.0,18.6,0.17
2008,2008,2,1,Feb,424.7,206,False,False,2539.6,0.16723011930945644,12,18.6,19.1,2,2-3x avg,#e74c3c,0.0,18.6,0.17
2008,2008,2,1,Feb,424.7,206,False,False,2539.6,0.16723011930945644,12,18.6,19.1,3,3-4x avg,#f8c471,0.0,18.6,0.17
2008,2008,3,2,Mar,1112.7,613,False,False,2921.4,0.3808762368612148,12,18.6,19.1,0,0-1x avg,#4f1f22,0.381,18.981,0.38
2008,2008,3,2,Mar,1112.7,613,False,False,2921.4,0.3808762368612148,12,18.6,19.1,1,1-2x avg,#a3372b,0.0,18.6,0.38
2008,2008,3,2,Mar,1112.7,613,False,False,2921.4,0.3808762368612148,12,18.6,19.1,2,2-3x avg,#e74c3c,0.0,18.6,0.38
2008,2008,3,2,Mar,1112.7,613,False,False,2921.4,0.3808762368612148,12,18.6,19.1,3,3-4x avg,#f8c471,0.0,18.6,0.38
2008,2008,4,3,Apr,3598.3,2019,False,False,4887.6,0.7362089249048249,12,18.6,19.1,0,0-1x avg,#4f1f22,0.736,19.336,0.74
2008,2008,4,3,Apr,3598.3,2019,False,False,4887.6,0.7362089249048249,12,18.6,19.1,1,1-2x avg,#a3372b,0.0,18.6,0.74
2008,2008,4,3,Apr,3598.3,2019,False,False,4887.6,0.7362089249048249,12,18.6,19.1,2,2-3x avg,#e74c3c,0.0,18.6,0.74
2008,2008,4,3,Apr,3598.3,2019,False,False,4887.6,0.7362089249048249,12,18.6,19.1,3,3-4x avg,#f8c471,0.0,18.6,0.74
2008,2008,5,4,May,1643.6,945,False,False,2832.4,0.5802911240454743,12,18.6,19.1,0,0-1x avg,#4f1f22,0.58,19.18,0.58
2008,2008,5,4,May,1643.6,945,False,False,2832.4,0.5802911240454743,12,18.6,19.1,1,1-2x avg,#a3372b,0.0,18.6,0.58
2008,2008,5,4,May,1643.6,945,False,False,2832.4,0.5802911240454743,12,18.6,19.1,2,2-3x avg,#e74c3c,0.0,18.6,0.58
2008,2008,5,4,May,1643.6,945,False,False,2832.4,0.5802911240454743,12,18.6,19.1,3,3-4x avg,#f8c471,0.0,18.6,0.58
2008,2008,6,5,Jun,775.0,456,False,False,1375.0,0.5636510039221798,12,18.6,19.1,0,0-1x avg,#4f1f22,0.564,19.164,0.56
2008,2008,6,5,Jun,775.0,456,False,False,1375.0,0.5636510039221798,12,18.6,19.1,1,1-2x avg,#a3372b,0.0,18.6,0.56
2008,2008,6,5,Jun,775.0,456,False,False,1375.0,0.5636510039221798,12,18.6,19.1,2,2-3x avg,#e74c3c,0.0,18.6,0.56
2008,2008,6,5,Jun,775.0,456,False,False,1375.0,0.5636510039221798,12,18.6,19.1,3,3-4x avg,#f8c471,0.0,18.6,0.56
2008,2008,7,6,Jul,1119.1,642,False,False,1934.2,0.5785726419344593,12,18.6,19.1,0,0-1x avg,#4f1f22,0.579,19.179,0.58
2008,2008,7,6,Jul,1119.1,642,False,False,1934.2,0.5785726419344593,12,18.6,19.1,1,1-2x avg,#a3372b,0.0,18.6,0.58
2008,2008,7,6,Jul,1119.1,642,False,False,1934.2,0.5785726419344593,12,18.6,19.1,2,2-3x avg,#e74c3c,0.0,18.6,0.58
2008,2008,7,6,Jul,1119.1,642,False,False,1934.2,0.5785726419344593,12,18.6,19.1,3,3-4x avg,#f8c471,0.0,18.6,0.58
2008,2008,8,7,Aug,2486.8,1459,False,True,3967.9,0.626723863253833,12,18.6,19.1,0,0-1x avg,#4f1f22,0.627,19.227,0.63
2008,2008,8,7,Aug,2486.8,1459,False,True,3967.9,0.626723863253833,12,18.6,19.1,1,1-2x avg,#a3372b,0.0,18.6,0.63
2008,2008,8,7,Aug,2486.8,1459,False,True,3967.9,0.626723863253833,12,18.6,19.1,2,2-3x avg,#e74c3c,0.0,18.6,0.63
2008,2008,8,7,Aug,2486.8,1459,False,True,3967.9,0.626723863253833,12,18.6,19.1,3,3-4x avg,#f8c471,0.0,18.6,0.63
2008,2008,9,8,Sep,5410.4,3082,False,True,7883.9,0.6862593386521899,12,18.6,19.1,0,0-1x avg,#4f1f22,0.686,19.286,0.69
2008,2008,9,8,Sep,5410.4,3082,False,True,7883.9,0.6862593386521899,12,18.6,19.1,1,1-2x avg,#a3372b,0.0,18.6,0.69
2008,2008,9,8,Sep,5410.4,3082,False,True,7883.9,0.6862593386521899,12,18.6,19.1,2,2-3x avg,#e74c3c,0.0,18.6,0.69
2008,2008,9,8,Sep,5410.4,3082,False,True,7883.9,0.6862593386521899,12,18.6,19.1,3,3-4x avg,#f8c471,0.0,18.6,0.69
2008,2008,10,9,Oct,10114.4,5465,False,True,12415.8,0.814640348404393,12,18.6,19.1,0,0-1x avg,#4f1f22,0.815,19.415,0.81
2008,2008,10,9,Oct,10114.4,5465,False,True,12415.8,0.814640348404393,12,18.6,19.1,1,1-2x avg,#a3372b,0.0,18.6,0.81
2008,2008,10,9,Oct,10114.4,5465,False,True,12415.8,0.814640348404393,12,18.6,19.1,2,2-3x avg,#e74c3c,0.0,18.6,0.81
2008,2008,10,9,Oct,10114.4,5465,False,True,12415.8,0.814640348404393,12,18.6,19.1,3,3-4x avg,#f8c471,0.0,18.6,0.81
2008,2008,11,10,Nov,15414.8,7810,False,True,15165.5,1.016440542096096,12,18.6,19.1,0,0-1x avg,#4f1f22,1.0,19.6,1.02
2008,2008,11,10,Nov,15414.8,7810,False,True,15165.5,1.016440542096096,12,18.6,19.1,1,1-2x avg,#a3372b,0.016,18.616,1.02
2008,2008,11,10,Nov,15414.8,7810,False,True,15165.5,1.016440542096096,12,18.6,19.1,2,2-3x avg,#e74c3c,0.0,18.6,1.02
2008,2008,11,10,Nov,15414.8,7810,False,True,15165.5,1.016440542096096,12,18.6,19.1,3,3-4x avg,#f8c471,0.0,18.6,1.02
2008,2008,12,11,Dec,5573.0,3186,False,True,10231.7,0.544677868508555,12,18.6,19.1,0,0-1x avg,#4f1f22,0.545,19.145,0.54
2008,2008,12,11,Dec,5573.0,3186,False,True,10231.7,0.544677868508555,12,18.6,19.1,1,1-2x avg,#a3372b,0.0,18.6,0.54
2008,2008,12,11,Dec,5573.0,3186,False,True,10231.7,0.544677868508555,12,18.6,19.1,2,2-3x avg,#e74c3c,0.0,18.6,0.54
2008,2008,12,11,Dec,5573.0,3186,False,True,10231.7,0.544677868508555,12,18.6,19.1,3,3-4x avg,#f8c471,0.0,18.6,0.54
2009,2009,1,0,Jan,1117.0,534,False,True,5348.7,0.2088377441036523,11,17.05,17.55,0,0-1x avg,#4f1f22,0.209,17.259,0.21
2009,2009,1,0,Jan,1117.0,534,False,True,5348.7,0.2088377441036523,11,17.05,17.55,1,1-2x avg,#a3372b,0.0,17.05,0.21
2009,2009,1,0,Jan,1117.0,534,False,True,5348.7,0.2088377441036523,11,17.05,17.55,2,2-3x avg,#e74c3c,0.0,17.05,0.21
2009,2009,1,0,Jan,1117.0,534,False,True,5348.7,0.2088377441036523,11,17.05,17.55,3,3-4x avg,#f8c471,0.0,17.05,0.21
2009,2009,2,1,Feb,4454.2,2173,False,False,2539.6,1.753888385750367,11,17.05,17.55,0,0-1x avg,#4f1f22,1.0,18.05,1.75
2009,2009,2,1,Feb,4454.2,2173,False,False,2539.6,1.753888385750367,11,17.05,17.55,1,1-2x avg,#a3372b,0.754,17.804,1.75
2009,2009,2,1,Feb,4454.2,2173,False,False,2539.6,1.753888385750367,11,17.05,17.55,2,2-3x avg,#e74c3c,0.0,17.05,1.75
2009,2009,2,1,Feb,4454.2,2173,False,False,2539.6,1.753888385750367,11,17.05,17.55,3,3-4x avg,#f8c471,0.0,17.05,1.75
2009,2009,3,2,Mar,2118.1,1106,False,False,2921.4,0.7250237775642482,11,17.05,17.55,0,0-1x avg,#4f1f22,0.725,17.775,0.73
2009,2009,3,2,Mar,2118.1,1106,False,False,2921.4,0.7250237775642482,11,17.05,17.55,1,1-2x avg,#a3372b,0.0,17.05,0.73
2009,2009,3,2,Mar,2118.1,1106,False,False,2921.4,0.7250237775642482,11,17.05,17.55,2,2-3x avg,#e74c3c,0.0,17.05,0.73
2009,2009,3,2,Mar,2118.1,1106,False,False,2921.4,0.7250237775642482,11,17.05,17.55,3,3-4x avg,#f8c471,0.0,17.05,0.73
2009,2009,4,3,Apr,3010.3,1595,False,False,4887.6,0.615904656821553,11,17.05,17.55,0,0-1x avg,#4f1f22,0.616,17.666,0.62
2009,2009,4,3,Apr,3010.3,1595,False,False,4887.6,0.615904656821553,11,17.05,17.55,1,1-2x avg,#a3372b,0.0,17.05,0.62
2009,2009,4,3,Apr,3010.3,1595,False,False,4887.6,0.615904656821553,11,17.05,17.55,2,2-3x avg,#e74c3c,0.0,17.05,0.62
2009,2009,4,3,Apr,3010.3,1595,False,False,4887.6,0.615904656821553,11,17.05,17.55,3,3-4x avg,#f8c471,0.0,17.05,0.62
2009,2009,5,4,May,2466.3,1415,False,False,2832.4,0.8707544410035005,11,17.05,17.55,0,0-1x avg,#4f1f22,0.871,17.921,0.87
2009,2009,5,4,May,2466.3,1415,False,False,2832.4,0.8707544410035005,11,17.05,17.55,1,1-2x avg,#a3372b,0.0,17.05,0.87
2009,2009,5,4,May,2466.3,1415,False,False,2832.4,0.8707544410035005,11,17.05,17.55,2,2-3x avg,#e74c3c,0.0,17.05,0.87
2009,2009,5,4,May,2466.3,1415,False,False,2832.4,0.8707544410035005,11,17.05,17.55,3,3-4x avg,#f8c471,0.0,17.05,0.87
2009,2009,6,5,Jun,1309.0,734,False,False,1375.0,0.9520247279150107,11,17.05,17.55,0,0-1x avg,#4f1f22,0.952,18.002,0.95
2009,2009,6,5,Jun,1309.0,734,False,False,1375.0,0.9520247279150107,11,17.05,17.55,1,1-2x avg,#a3372b,0.0,17.05,0.95
2009,2009,6,5,Jun,1309.0,734,False,False,1375.0,0.9520247279150107,11,17.05,17.55,2,2-3x avg,#e74c3c,0.0,17.05,0.95
2009,2009,6,5,Jun,1309.0,734,False,False,1375.0,0.9520247279150107,11,17.05,17.55,3,3-4x avg,#f8c471,0.0,17.05,0.95
2009,2009,7,6,Jul,1951.2,1122,False,False,1934.2,1.0087668116723414,11,17.05,17.55,0,0-1x avg,#4f1f22,1.0,18.05,1.01
2009,2009,7,6,Jul,1951.2,1122,False,False,1934.2,1.0087668116723414,11,17.05,17.55,1,1-2x avg,#a3372b,0.009,17.059,1.01
2009,2009,7,6,Jul,1951.2,1122,False,False,1934.2,1.0087668116723414,11,17.05,17.55,2,2-3x avg,#e74c3c,0.0,17.05,1.01
2009,2009,7,6,Jul,1951.2,1122,False,False,1934.2,1.0087668116723414,11,17.05,17.55,3,3-4x avg,#f8c471,0.0,17.05,1.01
2009,2009,8,7,Aug,5348.1,2927,False,True,3967.9,1.347829295909532,11,17.05,17.55,0,0-1x avg,#4f1f22,1.0,18.05,1.35
2009,2009,8,7,Aug,5348.1,2927,False,True,3967.9,1.347829295909532,11,17.05,17.55,1,1-2x avg,#a3372b,0.348,17.398,1.35
2009,2009,8,7,Aug,5348.1,2927,False,True,3967.9,1.347829295909532,11,17.05,17.55,2,2-3x avg,#e74c3c,0.0,17.05,1.35
2009,2009,8,7,Aug,5348.1,2927,False,True,3967.9,1.347829295909532,11,17.05,17.55,3,3-4x avg,#f8c471,0.0,17.05,1.35
2009,2009,9,8,Sep,11673.4,6248,False,True,7883.9,1.4806631235809689,11,17.05,17.55,0,0-1x avg,#4f1f22,1.0,18.05,1.48
2009,2009,9,8,Sep,11673.4,6248,False,True,7883.9,1.4806631235809689,11,17.05,17.55,1,1-2x avg,#a3372b,0.481,17.531,1.48
2009,2009,9,8,Sep,11673.4,6248,False,True,7883.9,1.4806631235809689,11,17.05,17.55,2,2-3x avg,#e74c3c,0.0,17.05,1.48
2009,2009,9,8,Sep,11673.4,6248,False,True,7883.9,1.4806631235809689,11,17.05,17.55,3,3-4x avg,#f8c471,0.0,17.05,1.48
2009,2009,10,9,Oct,17060.0,9287,False,True,12415.8,1.3740572197835705,11,17.05,17.55,0,0-1x avg,#4f1f22,1.0,18.05,1.37
2009,2009,10,9,Oct,17060.0,9287,False,True,12415.8,1.3740572197835705,11,17.05,17.55,1,1-2x avg,#a3372b,0.374,17.424,1.37
2009,2009,10,9,Oct,17060.0,9287,False,True,12415.8,1.3740572197835705,11,17.05,17.55,2,2-3x avg,#e74c3c,0.0,17.05,1.37
2009,2009,10,9,Oct,17060.0,9287,False,True,12415.8,1.3740572197835705,11,17.05,17.55,3,3-4x avg,#f8c471,0.0,17.05,1.37
2009,2009,11,10,Nov,23505.7,13089,False,True,15165.5,1.5499485202758523,11,17.05,17.55,0,0-1x avg,#4f1f22,1.0,18.05,1.55
2009,2009,11,10,Nov,23505.7,13089,False,True,15165.5,1.5499485202758523,11,17.05,17.55,1,1-2x avg,#a3372b,0.55,17.6,1.55
2009,2009,11,10,Nov,23505.7,13089,False,True,15165.5,1.5499485202758523,11,17.05,17.55,2,2-3x avg,#e74c3c,0.0,17.05,1.55
2009,2009,11,10,Nov,23505.7,13089,False,True,15165.5,1.5499485202758523,11,17.05,17.55,3,3-4x avg,#f8c471,0.0,17.05,1.55
2009,2009,12,11,Dec,19071.9,10158,False,True,10231.7,1.8639945882663398,11,17.05,17.55,0,0-1x avg,#4f1f22,1.0,18.05,1.86
2009,2009,12,11,Dec,19071.9,10158,False,True,10231.7,1.8639945882663398,11,17.05,17.55,1,1-2x avg,#a3372b,0.864,17.914,1.86
2009,2009,12,11,Dec,19071.9,10158,False,True,10231.7,1.8639945882663398,11,17.05,17.55,2,2-3x avg,#e74c3c,0.0,17.05,1.86
2009,2009,12,11,Dec,19071.9,10158,False,True,10231.7,1.8639945882663398,11,17.05,17.55,3,3-4x avg,#f8c471,0.0,17.05,1.86
2010,2010,1,0,Jan,4161.6,2318,False,True,5348.7,0.7780654931618258,10,15.5,16.0,0,0-1x avg,#4f1f22,0.778,16.278,0.78
2010,2010,1,0,Jan,4161.6,2318,False,True,5348.7,0.7780654931618258,10,15.5,16.0,1,1-2x avg,#a3372b,0.0,15.5,0.78
2010,2010,1,0,Jan,4161.6,2318,False,True,5348.7,0.7780654931618258,10,15.5,16.0,2,2-3x avg,#e74c3c,0.0,15.5,0.78
2010,2010,1,0,Jan,4161.6,2318,False,True,5348.7,0.7780654931618258,10,15.5,16.0,3,3-4x avg,#f8c471,0.0,15.5,0.78
2010,2010,2,1,Feb,656.8,345,False,False,2539.6,0.25862195046491876,10,15.5,16.0,0,0-1x avg,#4f1f22,0.259,15.759,0.26
2010,2010,2,1,Feb,656.8,345,False,False,2539.6,0.25862195046491876,10,15.5,16.0,1,1-2x avg,#a3372b,0.0,15.5,0.26
2010,2010,2,1,Feb,656.8,345,False,False,2539.6,0.25862195046491876,10,15.5,16.0,2,2-3x avg,#e74c3c,0.0,15.5,0.26
2010,2010,2,1,Feb,656.8,345,False,False,2539.6,0.25862195046491876,10,15.5,16.0,3,3-4x avg,#f8c471,0.0,15.5,0.26
2010,2010,3,2,Mar,2648.7,1334,False,False,2921.4,0.906647693515143,10,15.5,16.0,0,0-1x avg,#4f1f22,0.907,16.407,0.91
2010,2010,3,2,Mar,2648.7,1334,False,False,2921.4,0.906647693515143,10,15.5,16.0,1,1-2x avg,#a3372b,0.0,15.5,0.91
2010,2010,3,2,Mar,2648.7,1334,False,False,2921.4,0.906647693515143,10,15.5,16.0,2,2-3x avg,#e74c3c,0.0,15.5,0.91
2010,2010,3,2,Mar,2648.7,1334,False,False,2921.4,0.906647693515143,10,15.5,16.0,3,3-4x avg,#f8c471,0.0,15.5,0.91
2010,2010,4,3,Apr,2873.5,1611,False,False,4887.6,0.5879155005736082,10,15.5,16.0,0,0-1x avg,#4f1f22,0.588,16.088,0.59
2010,2010,4,3,Apr,2873.5,1611,False,False,4887.6,0.5879155005736082,10,15.5,16.0,1,1-2x avg,#a3372b,0.0,15.5,0.59
2010,2010,4,3,Apr,2873.5,1611,False,False,4887.6,0.5879155005736082,10,15.5,16.0,2,2-3x avg,#e74c3c,0.0,15.5,0.59
2010,2010,4,3,Apr,2873.5,1611,False,False,4887.6,0.5879155005736082,10,15.5,16.0,3,3-4x avg,#f8c471,0.0,15.5,0.59
2010,2010,5,4,May,1700.0,938,False,False,2832.4,0.6002037666569155,10,15.5,16.0,0,0-1x avg,#4f1f22,0.6,16.1,0.6
2010,2010,5,4,May,1700.0,938,False,False,2832.4,0.6002037666569155,10,15.5,16.0,1,1-2x avg,#a3372b,0.0,15.5,0.6
2010,2010,5,4,May,1700.0,938,False,False,2832.4,0.6002037666569155,10,15.5,16.0,2,2-3x avg,#e74c3c,0.0,15.5,0.6
2010,2010,5,4,May,1700.0,938,False,False,2832.4,0.6002037666569155,10,15.5,16.0,3,3-4x avg,#f8c471,0.0,15.5,0.6
2010,2010,6,5,Jun,994.3,627,False,False,1375.0,0.7231460557417075,10,15.5,16.0,0,0-1x avg,#4f1f22,0.723,16.223,0.72
2010,2010,6,5,Jun,994.3,627,False,False,1375.0,0.7231460557417075,10,15.5,16.0,1,1-2x avg,#a3372b,0.0,15.5,0.72
2010,2010,6,5,Jun,994.3,627,False,False,1375.0,0.7231460557417075,10,15.5,16.0,2,2-3x avg,#e74c3c,0.0,15.5,0.72
2010,2010,6,5,Jun,994.3,627,False,False,1375.0,0.7231460557417075,10,15.5,16.0,3,3-4x avg,#f8c471,0.0,15.5,0.72
2010,2010,7,6,Jul,790.1,471,False,False,1934.2,0.40848024697740715,10,15.5,16.0,0,0-1x avg,#4f1f22,0.408,15.908,0.41
2010,2010,7,6,Jul,790.1,471,False,False,1934.2,0.40848024697740715,10,15.5,16.0,1,1-2x avg,#a3372b,0.0,15.5,0.41
2010,2010,7,6,Jul,790.1,471,False,False,1934.2,0.40848024697740715,10,15.5,16.0,2,2-3x avg,#e74c3c,0.0,15.5,0.41
2010,2010,7,6,Jul,790.1,471,False,False,1934.2,0.40848024697740715,10,15.5,16.0,3,3-4x avg,#f8c471,0.0,15.5,0.41
2010,2010,8,7,Aug,2462.7,1367,False,True,3967.9,0.6206501761441268,10,15.5,16.0,0,0-1x avg,#4f1f22,0.621,16.121,0.62
2010,2010,8,7,Aug,2462.7,1367,False,True,3967.9,0.6206501761441268,10,15.5,16.0,1,1-2x avg,#a3372b,0.0,15.5,0.62
2010,2010,8,7,Aug,2462.7,1367,False,True,3967.9,0.6206501761441268,10,15.5,16.0,2,2-3x avg,#e74c3c,0.0,15.5,0.62
2010,2010,8,7,Aug,2462.7,1367,False,True,3967.9,0.6206501761441268,10,15.5,16.0,3,3-4x avg,#f8c471,0.0,15.5,0.62
2010,2010,9,8,Sep,2578.1,1422,False,True,7883.9,0.3270082065982572,10,15.5,16.0,0,0-1x avg,#4f1f22,0.327,15.827,0.33
2010,2010,9,8,Sep,2578.1,1422,False,True,7883.9,0.3270082065982572,10,15.5,16.0,1,1-2x avg,#a3372b,0.0,15.5,0.33
2010,2010,9,8,Sep,2578.1,1422,False,True,7883.9,0.3270082065982572,10,15.5,16.0,2,2-3x avg,#e74c3c,0.0,15.5,0.33
2010,2010,9,8,Sep,2578.1,1422,False,True,7883.9,0.3270082065982572,10,15.5,16.0,3,3-4x avg,#f8c471,0.0,15.5,0.33
2010,2010,10,9,Oct,4355.7,2501,False,True,12415.8,0.3508195212316118,10,15.5,16.0,0,0-1x avg,#4f1f22,0.351,15.851,0.35
2010,2010,10,9,Oct,4355.7,2501,False,True,12415.8,0.3508195212316118,10,15.5,16.0,1,1-2x avg,#a3372b,0.0,15.5,0.35
2010,2010,10,9,Oct,4355.7,2501,False,True,12415.8,0.3508195212316118,10,15.5,16.0,2,2-3x avg,#e74c3c,0.0,15.5,0.35
2010,2010,10,9,Oct,4355.7,2501,False,True,12415.8,0.3508195212316118,10,15.5,16.0,3,3-4x avg,#f8c471,0.0,15.5,0.35
2010,2010,11,10,Nov,2196.6,1170,False,True,15165.5,0.14484218379533206,10,15.5,16.0,0,0-1x avg,#4f1f22,0.145,15.645,0.14
2010,2010,11,10,Nov,2196.6,1170,False,True,15165.5,0.14484218379533206,10,15.5,16.0,1,1-2x avg,#a3372b,0.0,15.5,0.14
2010,2010,11,10,Nov,2196.6,1170,False,True,15165.5,0.14484218379533206,10,15.5,16.0,2,2-3x avg,#e74c3c,0.0,15.5,0.14
2010,2010,11,10,Nov,2196.6,1170,False,True,15165.5,0.14484218379533206,10,15.5,16.0,3,3-4x avg,#f8c471,0.0,15.5,0.14
2010,2010,12,11,Dec,938.8,478,False,True,10231.7,0.09175373819412012,10,15.5,16.0,0,0-1x avg,#4f1f22,0.092,15.592,0.09
2010,2010,12,11,Dec,938.8,478,False,True,10231.7,0.09175373819412012,10,15.5,16.0,1,1-2x avg,#a3372b,0.0,15.5,0.09
2010,2010,12,11,Dec,938.8,478,False,True,10231.7,0.09175373819412012,10,15.5,16.0,2,2-3x avg,#e74c3c,0.0,15.5,0.09
2010,2010,12,11,Dec,938.8,478,False,True,10231.7,0.09175373819412012,10,15.5,16.0,3,3-4x avg,#f8c471,0.0,15.5,0.09
2011,2011,1,0,Jan,2007.9,947,False,True,5348.7,0.37540313910986883,9,13.950000000000001,14.450000000000001,0,0-1x avg,#4f1f22,0.375,14.325,0.38
2011,2011,1,0,Jan,2007.9,947,False,True,5348.7,0.37540313910986883,9,13.950000000000001,14.450000000000001,1,1-2x avg,#a3372b,0.0,13.95,0.38
2011,2011,1,0,Jan,2007.9,947,False,True,5348.7,0.37540313910986883,9,13.950000000000001,14.450000000000001,2,2-3x avg,#e74c3c,0.0,13.95,0.38
2011,2011,1,0,Jan,2007.9,947,False,True,5348.7,0.37540313910986883,9,13.950000000000001,14.450000000000001,3,3-4x avg,#f8c471,0.0,13.95,0.38
2011,2011,2,1,Feb,1916.8,916,False,False,2539.6,0.7547602841826375,9,13.950000000000001,14.450000000000001,0,0-1x avg,#4f1f22,0.755,14.705,0.75
2011,2011,2,1,Feb,1916.8,916,False,False,2539.6,0.7547602841826375,9,13.950000000000001,14.450000000000001,1,1-2x avg,#a3372b,0.0,13.95,0.75
2011,2011,2,1,Feb,1916.8,916,False,False,2539.6,0.7547602841826375,9,13.950000000000001,14.450000000000001,2,2-3x avg,#e74c3c,0.0,13.95,0.75
2011,2011,2,1,Feb,1916.8,916,False,False,2539.6,0.7547602841826375,9,13.950000000000001,14.450000000000001,3,3-4x avg,#f8c471,0.0,13.95,0.75
2011,2011,3,2,Mar,6841.2,3092,False,False,2921.4,2.341736776862535,9,13.950000000000001,14.450000000000001,0,0-1x avg,#4f1f22,1.0,14.95,2.34
2011,2011,3,2,Mar,6841.2,3092,False,False,2921.4,2.341736776862535,9,13.950000000000001,14.450000000000001,1,1-2x avg,#a3372b,1.0,14.95,2.34
2011,2011,3,2,Mar,6841.2,3092,False,False,2921.4,2.341736776862535,9,13.950000000000001,14.450000000000001,2,2-3x avg,#e74c3c,0.342,14.292,2.34
2011,2011,3,2,Mar,6841.2,3092,False,False,2921.4,2.341736776862535,9,13.950000000000001,14.450000000000001,3,3-4x avg,#f8c471,0.0,13.95,2.34
2011,2011,4,3,Apr,8495.9,3997,False,False,4887.6,1.738253454436512,9,13.950000000000001,14.450000000000001,0,0-1x avg,#4f1f22,1.0,14.95,1.74
2011,2011,4,3,Apr,8495.9,3997,False,False,4887.6,1.738253454436512,9,13.950000000000001,14.450000000000001,1,1-2x avg,#a3372b,0.738,14.688,1.74
2011,2011,4,3,Apr,8495.9,3997,False,False,4887.6,1.738253454436512,9,13.950000000000001,14.450000000000001,2,2-3x avg,#e74c3c,0.0,13.95,1.74
2011,2011,4,3,Apr,8495.9,3997,False,False,4887.6,1.738253454436512,9,13.950000000000001,14.450000000000001,3,3-4x avg,#f8c471,0.0,13.95,1.74
2011,2011,5,4,May,2828.1,1714,False,False,2832.4,0.9984919249896604,9,13.950000000000001,14.450000000000001,0,0-1x avg,#4f1f22,0.998,14.948,1.0
2011,2011,5,4,May,2828.1,1714,False,False,2832.4,0.9984919249896604,9,13.950000000000001,14.450000000000001,1,1-2x avg,#a3372b,0.0,13.95,1.0
2011,2011,5,4,May,2828.1,1714,False,False,2832.4,0.9984919249896604,9,13.950000000000001,14.450000000000001,2,2-3x avg,#e74c3c,0.0,13.95,1.0
2011,2011,5,4,May,2828.1,1714,False,False,2832.4,0.9984919249896604,9,13.950000000000001,14.450000000000001,3,3-4x avg,#f8c471,0.0,13.95,1.0
2011,2011,6,5,Jun,3164.5,1788,False,False,1375.0,2.3015143250474037,9,13.950000000000001,14.450000000000001,0,0-1x avg,#4f1f22,1.0,14.95,2.3
2011,2011,6,5,Jun,3164.5,1788,False,False,1375.0,2.3015143250474037,9,13.950000000000001,14.450000000000001,1,1-2x avg,#a3372b,1.0,14.95,2.3
2011,2011,6,5,Jun,3164.5,1788,False,False,1375.0,2.3015143250474037,9,13.950000000000001,14.450000000000001,2,2-3x avg,#e74c3c,0.302,14.252,2.3
2011,2011,6,5,Jun,3164.5,1788,False,False,1375.0,2.3015143250474037,9,13.950000000000001,14.450000000000001,3,3-4x avg,#f8c471,0.0,13.95,2.3
2011,2011,7,6,Jul,3044.0,1755,False,False,1934.2,1.5737424019734558,9,13.950000000000001,14.450000000000001,0,0-1x avg,#4f1f22,1.0,14.95,1.57
2011,2011,7,6,Jul,3044.0,1755,False,False,1934.2,1.5737424019734558,9,13.950000000000001,14.450000000000001,1,1-2x avg,#a3372b,0.574,14.524,1.57
2011,2011,7,6,Jul,3044.0,1755,False,False,1934.2,1.5737424019734558,9,13.950000000000001,14.450000000000001,2,2-3x avg,#e74c3c,0.0,13.95,1.57
2011,2011,7,6,Jul,3044.0,1755,False,False,1934.2,1.5737424019734558,9,13.950000000000001,14.450000000000001,3,3-4x avg,#f8c471,0.0,13.95,1.57
2011,2011,8,7,Aug,7128.9,3792,False,True,3967.9,1.7966268894765358,9,13.950000000000001,14.450000000000001,0,0-1x avg,#4f1f22,1.0,14.95,1.8
2011,2011,8,7,Aug,7128.9,3792,False,True,3967.9,1.7966268894765358,9,13.950000000000001,14.450000000000001,1,1-2x avg,#a3372b,0.797,14.747,1.8
2011,2011,8,7,Aug,7128.9,3792,False,True,3967.9,1.7966268894765358,9,13.950000000000001,14.450000000000001,2,2-3x avg,#e74c3c,0.0,13.95,1.8
2011,2011,8,7,Aug,7128.9,3792,False,True,3967.9,1.7966268894765358,9,13.950000000000001,14.450000000000001,3,3-4x avg,#f8c471,0.0,13.95,1.8
2011,2011,9,8,Sep,24522.8,12758,False,True,7883.9,3.110491000646888,9,13.950000000000001,14.450000000000001,0,0-1x avg,#4f1f22,1.0,14.95,3.11
2011,2011,9,8,Sep,24522.8,12758,False,True,7883.9,3.110491000646888,9,13.950000000000001,14.450000000000001,1,1-2x avg,#a3372b,1.0,14.95,3.11
2011,2011,9,8,Sep,24522.8,12758,False,True,7883.9,3.110491000646888,9,13.950000000000001,14.450000000000001,2,2-3x avg,#e74c3c,1.0,14.95,3.11
2011,2011,9,8,Sep,24522.8,12758,False,True,7883.9,3.110491000646888,9,13.950000000000001,14.450000000000001,3,3-4x avg,#f8c471,0.11,14.06,3.11
2011,2011,10,9,Oct,36759.9,18042,False,True,12415.8,2.9607389210739785,9,13.950000000000001,14.450000000000001,0,0-1x avg,#4f1f22,1.0,14.95,2.96
2011,2011,10,9,Oct,36759.9,18042,False,True,12415.8,2.9607389210739785,9,13.950000000000001,14.450000000000001,1,1-2x avg,#a3372b,1.0,14.95,2.96
2011,2011,10,9,Oct,36759.9,18042,False,True,12415.8,2.9607389210739785,9,13.950000000000001,14.450000000000001,2,2-3x avg,#e74c3c,0.961,14.911,2.96
2011,2011,10,9,Oct,36759.9,18042,False,True,12415.8,2.9607389210739785,9,13.950000000000001,14.450000000000001,3,3-4x avg,#f8c471,0.0,13.95,2.96
2011,2011,11,10,Nov,25492.3,13532,False,True,15165.5,1.6809434589664678,9,13.950000000000001,14.450000000000001,0,0-1x avg,#4f1f22,1.0,14.95,1.68
2011,2011,11,10,Nov,25492.3,13532,False,True,15165.5,1.6809434589664678,9,13.950000000000001,14.450000000000001,1,1-2x avg,#a3372b,0.681,14.631,1.68
2011,2011,11,10,Nov,25492.3,13532,False,True,15165.5,1.6809434589664678,9,13.950000000000001,14.450000000000001,2,2-3x avg,#e74c3c,0.0,13.95,1.68
2011,2011,11,10,Nov,25492.3,13532,False,True,15165.5,1.6809434589664678,9,13.950000000000001,14.450000000000001,3,3-4x avg,#f8c471,0.0,13.95,1.68
2011,2011,12,11,Dec,9253.1,4892,False,True,10231.7,0.9043529131700181,9,13.950000000000001,14.450000000000001,0,0-1x avg,#4f1f22,0.904,14.854,0.9
2011,2011,12,11,Dec,9253.1,4892,False,True,10231.7,0.9043529131700181,9,13.950000000000001,14.450000000000001,1,1-2x avg,#a3372b,0.0,13.95,0.9
2011,2011,12,11,Dec,9253.1,4892,False,True,10231.7,0.9043529131700181,9,13.950000000000001,14.450000000000001,2,2-3x avg,#e74c3c,0.0,13.95,0.9
2011,2011,12,11,Dec,9253.1,4892,False,True,10231.7,0.9043529131700181,9,13.950000000000001,14.450000000000001,3,3-4x avg,#f8c471,0.0,13.95,0.9
2012,2012,1,0,Jan,7918.6,4255,False,True,5348.7,1.4804857300440297,8,12.4,12.9,0,0-1x avg,#4f1f22,1.0,13.4,1.48
2012,2012,1,0,Jan,7918.6,4255,False,True,5348.7,1.4804857300440297,8,12.4,12.9,1,1-2x avg,#a3372b,0.48,12.88,1.48
2012,2012,1,0,Jan,7918.6,4255,False,True,5348.7,1.4804857300440297,8,12.4,12.9,2,2-3x avg,#e74c3c,0.0,12.4,1.48
2012,2012,1,0,Jan,7918.6,4255,False,True,5348.7,1.4804857300440297,8,12.4,12.9,3,3-4x avg,#f8c471,0.0,12.4,1.48
2012,2012,2,1,Feb,3520.3,1659,False,False,2539.6,1.386155377925782,8,12.4,12.9,0,0-1x avg,#4f1f22,1.0,13.4,1.39
2012,2012,2,1,Feb,3520.3,1659,False,False,2539.6,1.386155377925782,8,12.4,12.9,1,1-2x avg,#a3372b,0.386,12.786,1.39
2012,2012,2,1,Feb,3520.3,1659,False,False,2539.6,1.386155377925782,8,12.4,12.9,2,2-3x avg,#e74c3c,0.0,12.4,1.39
2012,2012,2,1,Feb,3520.3,1659,False,False,2539.6,1.386155377925782,8,12.4,12.9,3,3-4x avg,#f8c471,0.0,12.4,1.39
2012,2012,3,2,Mar,2269.9,1117,False,False,2921.4,0.7769847848038748,8,12.4,12.9,0,0-1x avg,#4f1f22,0.777,13.177,0.78
2012,2012,3,2,Mar,2269.9,1117,False,False,2921.4,0.7769847848038748,8,12.4,12.9,1,1-2x avg,#a3372b,0.0,12.4,0.78
2012,2012,3,2,Mar,2269.9,1117,False,False,2921.4,0.7769847848038748,8,12.4,12.9,2,2-3x avg,#e74c3c,0.0,12.4,0.78
2012,2012,3,2,Mar,2269.9,1117,False,False,2921.4,0.7769847848038748,8,12.4,12.9,3,3-4x avg,#f8c471,0.0,12.4,0.78
2012,2012,4,3,Apr,4587.2,2318,False,False,4887.6,0.938536970325824,8,12.4,12.9,0,0-1x avg,#4f1f22,0.939,13.339,0.94
2012,2012,4,3,Apr,4587.2,2318,False,False,4887.6,0.938536970325824,8,12.4,12.9,1,1-2x avg,#a3372b,0.0,12.4,0.94
2012,2012,4,3,Apr,4587.2,2318,False,False,4887.6,0.938536970325824,8,12.4,12.9,2,2-3x avg,#e74c3c,0.0,12.4,0.94
2012,2012,4,3,Apr,4587.2,2318,False,False,4887.6,0.938536970325824,8,12.4,12.9,3,3-4x avg,#f8c471,0.0,12.4,0.94
2012,2012,5,4,May,2099.9,1220,False,False,2832.4,0.7413928762369747,8,12.4,12.9,0,0-1x avg,#4f1f22,0.741,13.141,0.74
2012,2012,5,4,May,2099.9,1220,False,False,2832.4,0.7413928762369747,8,12.4,12.9,1,1-2x avg,#a3372b,0.0,12.4,0.74
2012,2012,5,4,May,2099.9,1220,False,False,2832.4,0.7413928762369747,8,12.4,12.9,2,2-3x avg,#e74c3c,0.0,12.4,0.74
2012,2012,5,4,May,2099.9,1220,False,False,2832.4,0.7413928762369747,8,12.4,12.9,3,3-4x avg,#f8c471,0.0,12.4,0.74
2012,2012,6,5,Jun,1342.7,783,False,False,1375.0,0.9765344554404011,8,12.4,12.9,0,0-1x avg,#4f1f22,0.977,13.377,0.98
2012,2012,6,5,Jun,1342.7,783,False,False,1375.0,0.9765344554404011,8,12.4,12.9,1,1-2x avg,#a3372b,0.0,12.4,0.98
2012,2012,6,5,Jun,1342.7,783,False,False,1375.0,0.9765344554404011,8,12.4,12.9,2,2-3x avg,#e74c3c,0.0,12.4,0.98
2012,2012,6,5,Jun,1342.7,783,False,False,1375.0,0.9765344554404011,8,12.4,12.9,3,3-4x avg,#f8c471,0.0,12.4,0.98
2012,2012,7,6,Jul,1765.5,1000,False,False,1934.2,0.9127602531813851,8,12.4,12.9,0,0-1x avg,#4f1f22,0.913,13.313,0.91
2012,2012,7,6,Jul,1765.5,1000,False,False,1934.2,0.9127602531813851,8,12.4,12.9,1,1-2x avg,#a3372b,0.0,12.4,0.91
2012,2012,7,6,Jul,1765.5,1000,False,False,1934.2,0.9127602531813851,8,12.4,12.9,2,2-3x avg,#e74c3c,0.0,12.4,0.91
2012,2012,7,6,Jul,1765.5,1000,False,False,1934.2,0.9127602531813851,8,12.4,12.9,3,3-4x avg,#f8c471,0.0,12.4,0.91
2012,2012,8,7,Aug,8849.1,4451,False,True,3967.9,2.2301520581950673,8,12.4,12.9,0,0-1x avg,#4f1f22,1.0,13.4,2.23
2012,2012,8,7,Aug,8849.1,4451,False,True,3967.9,2.2301520581950673,8,12.4,12.9,1,1-2x avg,#a3372b,1.0,13.4,2.23
2012,2012,8,7,Aug,8849.1,4451,False,True,3967.9,2.2301520581950673,8,12.4,12.9,2,2-3x avg,#e74c3c,0.23,12.63,2.23
2012,2012,8,7,Aug,8849.1,4451,False,True,3967.9,2.2301520581950673,8,12.4,12.9,3,3-4x avg,#f8c471,0.0,12.4,2.23
2012,2012,9,8,Sep,13481.2,7185,False,True,7883.9,1.7099658798310482,8,12.4,12.9,0,0-1x avg,#4f1f22,1.0,13.4,1.71
2012,2012,9,8,Sep,13481.2,7185,False,True,7883.9,1.7099658798310482,8,12.4,12.9,1,1-2x avg,#a3372b,0.71,13.11,1.71
2012,2012,9,8,Sep,13481.2,7185,False,True,7883.9,1.7099658798310482,8,12.4,12.9,2,2-3x avg,#e74c3c,0.0,12.4,1.71
2012,2012,9,8,Sep,13481.2,7185,False,True,7883.9,1.7099658798310482,8,12.4,12.9,3,3-4x avg,#f8c471,0.0,12.4,1.71
2012,2012,10,9,Oct,25382.4,12382,False,True,12415.8,2.044365180271659,8,12.4,12.9,0,0-1x avg,#4f1f22,1.0,13.4,2.04
2012,2012,10,9,Oct,25382.4,12382,False,True,12415.8,2.044365180271659,8,12.4,12.9,1,1-2x avg,#a3372b,1.0,13.4,2.04
2012,2012,10,9,Oct,25382.4,12382,False,True,12415.8,2.044365180271659,8,12.4,12.9,2,2-3x avg,#e74c3c,0.044,12.444,2.04
2012,2012,10,9,Oct,25382.4,12382,False,True,12415.8,2.044365180271659,8,12.4,12.9,3,3-4x avg,#f8c471,0.0,12.4,2.04
2012,2012,11,10,Nov,37971.6,19254,False,True,15165.5,2.5038192962773516,8,12.4,12.9,0,0-1x avg,#4f1f22,1.0,13.4,2.5
2012,2012,11,10,Nov,37971.6,19254,False,True,15165.5,2.5038192962773516,8,12.4,12.9,1,1-2x avg,#a3372b,1.0,13.4,2.5
2012,2012,11,10,Nov,37971.6,19254,False,True,15165.5,2.5038192962773516,8,12.4,12.9,2,2-3x avg,#e74c3c,0.504,12.904,2.5
2012,2012,11,10,Nov,37971.6,19254,False,True,15165.5,2.5038192962773516,8,12.4,12.9,3,3-4x avg,#f8c471,0.0,12.4,2.5
2012,2012,12,11,Dec,28469.3,15439,False,True,10231.7,2.7824506804110185,8,12.4,12.9,0,0-1x avg,#4f1f22,1.0,13.4,2.78
2012,2012,12,11,Dec,28469.3,15439,False,True,10231.7,2.7824506804110185,8,12.4,12.9,1,1-2x avg,#a3372b,1.0,13.4,2.78
2012,2012,12,11,Dec,28469.3,15439,False,True,10231.7,2.7824506804110185,8,12.4,12.9,2,2-3x avg,#e74c3c,0.782,13.182,2.78
2012,2012,12,11,Dec,28469.3,15439,False,True,10231.7,2.7824506804110185,8,12.4,12.9,3,3-4x avg,#f8c471,0.0,12.4,2.78
2013,2013,1,0,Jan,16831.0,8464,False,True,5348.7,3.1467753545287125,7,10.85,11.35,0,0-1x avg,#4f1f22,1.0,11.85,3.15
2013,2013,1,0,Jan,16831.0,8464,False,True,5348.7,3.1467753545287125,7,10.85,11.35,1,1-2x avg,#a3372b,1.0,11.85,3.15
2013,2013,1,0,Jan,16831.0,8464,False,True,5348.7,3.1467753545287125,7,10.85,11.35,2,2-3x avg,#e74c3c,1.0,11.85,3.15
2013,2013,1,0,Jan,16831.0,8464,False,True,5348.7,3.1467753545287125,7,10.85,11.35,3,3-4x avg,#f8c471,0.147,10.997,3.15
2013,2013,2,1,Feb,4340.4,2371,False,False,2539.6,1.7090784314828462,7,10.85,11.35,0,0-1x avg,#4f1f22,1.0,11.85,1.71
2013,2013,2,1,Feb,4340.4,2371,False,False,2539.6,1.7090784314828462,7,10.85,11.35,1,1-2x avg,#a3372b,0.709,11.559,1.71
2013,2013,2,1,Feb,4340.4,2371,False,False,2539.6,1.7090784314828462,7,10.85,11.35,2,2-3x avg,#e74c3c,0.0,10.85,1.71
2013,2013,2,1,Feb,4340.4,2371,False,False,2539.6,1.7090784314828462,7,10.85,11.35,3,3-4x avg,#f8c471,0.0,10.85,1.71
2013,2013,3,2,Mar,1802.0,909,False,False,2921.4,0.6168230240171736,7,10.85,11.35,0,0-1x avg,#4f1f22,0.617,11.467,0.62
2013,2013,3,2,Mar,1802.0,909,False,False,2921.4,0.6168230240171736,7,10.85,11.35,1,1-2x avg,#a3372b,0.0,10.85,0.62
2013,2013,3,2,Mar,1802.0,909,False,False,2921.4,0.6168230240171736,7,10.85,11.35,2,2-3x avg,#e74c3c,0.0,10.85,0.62
2013,2013,3,2,Mar,1802.0,909,False,False,2921.4,0.6168230240171736,7,10.85,11.35,3,3-4x avg,#f8c471,0.0,10.85,0.62
2013,2013,4,3,Apr,4259.5,2157,False,False,4887.6,0.8714898467698917,7,10.85,11.35,0,0-1x avg,#4f1f22,0.871,11.721,0.87
2013,2013,4,3,Apr,4259.5,2157,False,False,4887.6,0.8714898467698917,7,10.85,11.35,1,1-2x avg,#a3372b,0.0,10.85,0.87
2013,2013,4,3,Apr,4259.5,2157,False,False,4887.6,0.8714898467698917,7,10.85,11.35,2,2-3x avg,#e74c3c,0.0,10.85,0.87
2013,2013,4,3,Apr,4259.5,2157,False,False,4887.6,0.8714898467698917,7,10.85,11.35,3,3-4x avg,#f8c471,0.0,10.85,0.87
2013,2013,5,4,May,2674.3,1484,False,False,2832.4,0.9441911371591702,7,10.85,11.35,0,0-1x avg,#4f1f22,0.944,11.794,0.94
2013,2013,5,4,May,2674.3,1484,False,False,2832.4,0.9441911371591702,7,10.85,11.35,1,1-2x avg,#a3372b,0.0,10.85,0.94
2013,2013,5,4,May,2674.3,1484,False,False,2832.4,0.9441911371591702,7,10.85,11.35,2,2-3x avg,#e74c3c,0.0,10.85,0.94
2013,2013,5,4,May,2674.3,1484,False,False,2832.4,0.9441911371591702,7,10.85,11.35,3,3-4x avg,#f8c471,0.0,10.85,0.94
2013,2013,6,5,Jun,636.8,372,False,False,1375.0,0.4631393023195407,7,10.85,11.35,0,0-1x avg,#4f1f22,0.463,11.313,0.46
2013,2013,6,5,Jun,636.8,372,False,False,1375.0,0.4631393023195407,7,10.85,11.35,1,1-2x avg,#a3372b,0.0,10.85,0.46
2013,2013,6,5,Jun,636.8,372,False,False,1375.0,0.4631393023195407,7,10.85,11.35,2,2-3x avg,#e74c3c,0.0,10.85,0.46
2013,2013,6,5,Jun,636.8,372,False,False,1375.0,0.4631393023195407,7,10.85,11.35,3,3-4x avg,#f8c471,0.0,10.85,0.46
2013,2013,7,6,Jul,1391.8,727,False,False,1934.2,0.7195580404292561,7,10.85,11.35,0,0-1x avg,#4f1f22,0.72,11.57,0.72
2013,2013,7,6,Jul,1391.8,727,False,False,1934.2,0.7195580404292561,7,10.85,11.35,1,1-2x avg,#a3372b,0.0,10.85,0.72
2013,2013,7,6,Jul,1391.8,727,False,False,1934.2,0.7195580404292561,7,10.85,11.35,2,2-3x avg,#e74c3c,0.0,10.85,0.72
2013,2013,7,6,Jul,1391.8,727,False,False,1934.2,0.7195580404292561,7,10.85,11.35,3,3-4x avg,#f8c471,0.0,10.85,0.72
2013,2013,8,7,Aug,3694.0,2101,False,True,3967.9,0.9309626632055891,7,10.85,11.35,0,0-1x avg,#4f1f22,0.931,11.781,0.93
2013,2013,8,7,Aug,3694.0,2101,False,True,3967.9,0.9309626632055891,7,10.85,11.35,1,1-2x avg,#a3372b,0.0,10.85,0.93
2013,2013,8,7,Aug,3694.0,2101,False,True,3967.9,0.9309626632055891,7,10.85,11.35,2,2-3x avg,#e74c3c,0.0,10.85,0.93
2013,2013,8,7,Aug,3694.0,2101,False,True,3967.9,0.9309626632055891,7,10.85,11.35,3,3-4x avg,#f8c471,0.0,10.85,0.93
2013,2013,9,8,Sep,6751.8,3742,False,True,7883.9,0.8564035566153808,7,10.85,11.35,0,0-1x avg,#4f1f22,0.856,11.706,0.86
2013,2013,9,8,Sep,6751.8,3742,False,True,7883.9,0.8564035566153808,7,10.85,11.35,1,1-2x avg,#a3372b,0.0,10.85,0.86
2013,2013,9,8,Sep,6751.8,3742,False,True,7883.9,0.8564035566153808,7,10.85,11.35,2,2-3x avg,#e74c3c,0.0,10.85,0.86
2013,2013,9,8,Sep,6751.8,3742,False,True,7883.9,0.8564035566153808,7,10.85,11.35,3,3-4x avg,#f8c471,0.0,10.85,0.86
2013,2013,10,9,Oct,9298.5,5273,False,True,12415.8,0.7489256188837943,7,10.85,11.35,0,0-1x avg,#4f1f22,0.749,11.599,0.75
2013,2013,10,9,Oct,9298.5,5273,False,True,12415.8,0.7489256188837943,7,10.85,11.35,1,1-2x avg,#a3372b,0.0,10.85,0.75
2013,2013,10,9,Oct,9298.5,5273,False,True,12415.8,0.7489256188837943,7,10.85,11.35,2,2-3x avg,#e74c3c,0.0,10.85,0.75
2013,2013,10,9,Oct,9298.5,5273,False,True,12415.8,0.7489256188837943,7,10.85,11.35,3,3-4x avg,#f8c471,0.0,10.85,0.75
2013,2013,11,10,Nov,7679.9,4199,False,True,15165.5,0.5064069413319542,7,10.85,11.35,0,0-1x avg,#4f1f22,0.506,11.356,0.51
2013,2013,11,10,Nov,7679.9,4199,False,True,15165.5,0.5064069413319542,7,10.85,11.35,1,1-2x avg,#a3372b,0.0,10.85,0.51
2013,2013,11,10,Nov,7679.9,4199,False,True,15165.5,0.5064069413319542,7,10.85,11.35,2,2-3x avg,#e74c3c,0.0,10.85,0.51
2013,2013,11,10,Nov,7679.9,4199,False,True,15165.5,0.5064069413319542,7,10.85,11.35,3,3-4x avg,#f8c471,0.0,10.85,0.51
2013,2013,12,11,Dec,8030.5,4508,False,True,10231.7,0.7848619456411181,7,10.85,11.35,0,0-1x avg,#4f1f22,0.785,11.635,0.78
2013,2013,12,11,Dec,8030.5,4508,False,True,10231.7,0.7848619456411181,7,10.85,11.35,1,1-2x avg,#a3372b,0.0,10.85,0.78
2013,2013,12,11,Dec,8030.5,4508,False,True,10231.7,0.7848619456411181,7,10.85,11.35,2,2-3x avg,#e74c3c,0.0,10.85,0.78
2013,2013,12,11,Dec,8030.5,4508,False,True,10231.7,0.7848619456411181,7,10.85,11.35,3,3-4x avg,#f8c471,0.0,10.85,0.78
2014,2014,1,0,Jan,13355.0,6890,False,True,5348.7,2.496891739036953,6,9.3,9.8,0,0-1x avg,#4f1f22,1.0,10.3,2.5
2014,2014,1,0,Jan,13355.0,6890,False,True,5348.7,2.496891739036953,6,9.3,9.8,1,1-2x avg,#a3372b,1.0,10.3,2.5
2014,2014,1,0,Jan,13355.0,6890,False,True,5348.7,2.496891739036953,6,9.3,9.8,2,2-3x avg,#e74c3c,0.497,9.797,2.5
2014,2014,1,0,Jan,13355.0,6890,False,True,5348.7,2.496891739036953,6,9.3,9.8,3,3-4x avg,#f8c471,0.0,9.3,2.5
2014,2014,2,1,Feb,3899.7,2262,False,False,2539.6,1.5355481428563393,6,9.3,9.8,0,0-1x avg,#4f1f22,1.0,10.3,1.54
2014,2014,2,1,Feb,3899.7,2262,False,False,2539.6,1.5355481428563393,6,9.3,9.8,1,1-2x avg,#a3372b,0.536,9.836,1.54
2014,2014,2,1,Feb,3899.7,2262,False,False,2539.6,1.5355481428563393,6,9.3,9.8,2,2-3x avg,#e74c3c,0.0,9.3,1.54
2014,2014,2,1,Feb,3899.7,2262,False,False,2539.6,1.5355481428563393,6,9.3,9.8,3,3-4x avg,#f8c471,0.0,9.3,1.54
2014,2014,3,2,Mar,1855.4,1008,False,False,2921.4,0.6351017973149078,6,9.3,9.8,0,0-1x avg,#4f1f22,0.635,9.935,0.64
2014,2014,3,2,Mar,1855.4,1008,False,False,2921.4,0.6351017973149078,6,9.3,9.8,1,1-2x avg,#a3372b,0.0,9.3,0.64
2014,2014,3,2,Mar,1855.4,1008,False,False,2921.4,0.6351017973149078,6,9.3,9.8,2,2-3x avg,#e74c3c,0.0,9.3,0.64
2014,2014,3,2,Mar,1855.4,1008,False,False,2921.4,0.6351017973149078,6,9.3,9.8,3,3-4x avg,#f8c471,0.0,9.3,0.64
2014,2014,4,3,Apr,4237.4,1901,False,False,4887.6,0.8669682067619999,6,9.3,9.8,0,0-1x avg,#4f1f22,0.867,10.167,0.87
2014,2014,4,3,Apr,4237.4,1901,False,False,4887.6,0.8669682067619999,6,9.3,9.8,1,1-2x avg,#a3372b,0.0,9.3,0.87
2014,2014,4,3,Apr,4237.4,1901,False,False,4887.6,0.8669682067619999,6,9.3,9.8,2,2-3x avg,#e74c3c,0.0,9.3,0.87
2014,2014,4,3,Apr,4237.4,1901,False,False,4887.6,0.8669682067619999,6,9.3,9.8,3,3-4x avg,#f8c471,0.0,9.3,0.87
2014,2014,5,4,May,1598.0,794,False,False,2832.4,0.5641915406575007,6,9.3,9.8,0,0-1x avg,#4f1f22,0.564,9.864,0.56
2014,2014,5,4,May,1598.0,794,False,False,2832.4,0.5641915406575007,6,9.3,9.8,1,1-2x avg,#a3372b,0.0,9.3,0.56
2014,2014,5,4,May,1598.0,794,False,False,2832.4,0.5641915406575007,6,9.3,9.8,2,2-3x avg,#e74c3c,0.0,9.3,0.56
2014,2014,5,4,May,1598.0,794,False,False,2832.4,0.5641915406575007,6,9.3,9.8,3,3-4x avg,#f8c471,0.0,9.3,0.56
2014,2014,6,5,Jun,717.8,464,False,False,1375.0,0.5220499233746331,6,9.3,9.8,0,0-1x avg,#4f1f22,0.522,9.822,0.52
2014,2014,6,5,Jun,717.8,464,False,False,1375.0,0.5220499233746331,6,9.3,9.8,1,1-2x avg,#a3372b,0.0,9.3,0.52
2014,2014,6,5,Jun,717.8,464,False,False,1375.0,0.5220499233746331,6,9.3,9.8,2,2-3x avg,#e74c3c,0.0,9.3,0.52
2014,2014,6,5,Jun,717.8,464,False,False,1375.0,0.5220499233746331,6,9.3,9.8,3,3-4x avg,#f8c471,0.0,9.3,0.52
2014,2014,7,6,Jul,2851.2,1701,False,False,1934.2,1.4740651565396572,6,9.3,9.8,0,0-1x avg,#4f1f22,1.0,10.3,1.47
2014,2014,7,6,Jul,2851.2,1701,False,False,1934.2,1.4740651565396572,6,9.3,9.8,1,1-2x avg,#a3372b,0.474,9.774,1.47
2014,2014,7,6,Jul,2851.2,1701,False,False,1934.2,1.4740651565396572,6,9.3,9.8,2,2-3x avg,#e74c3c,0.0,9.3,1.47
2014,2014,7,6,Jul,2851.2,1701,False,False,1934.2,1.4740651565396572,6,9.3,9.8,3,3-4x avg,#f8c471,0.0,9.3,1.47
2014,2014,8,7,Aug,3288.9,1830,False,True,3967.9,0.8288692753158804,6,9.3,9.8,0,0-1x avg,#4f1f22,0.829,10.129,0.83
2014,2014,8,7,Aug,3288.9,1830,False,True,3967.9,0.8288692753158804,6,9.3,9.8,1,1-2x avg,#a3372b,0.0,9.3,0.83
2014,2014,8,7,Aug,3288.9,1830,False,True,3967.9,0.8288692753158804,6,9.3,9.8,2,2-3x avg,#e74c3c,0.0,9.3,0.83
2014,2014,8,7,Aug,3288.9,1830,False,True,3967.9,0.8288692753158804,6,9.3,9.8,3,3-4x avg,#f8c471,0.0,9.3,0.83
2014,2014,9,8,Sep,5872.7,3238,False,True,7883.9,0.7448978297543094,6,9.3,9.8,0,0-1x avg,#4f1f22,0.745,10.045,0.74
2014,2014,9,8,Sep,5872.7,3238,False,True,7883.9,0.7448978297543094,6,9.3,9.8,1,1-2x avg,#a3372b,0.0,9.3,0.74
2014,2014,9,8,Sep,5872.7,3238,False,True,7883.9,0.7448978297543094,6,9.3,9.8,2,2-3x avg,#e74c3c,0.0,9.3,0.74
2014,2014,9,8,Sep,5872.7,3238,False,True,7883.9,0.7448978297543094,6,9.3,9.8,3,3-4x avg,#f8c471,0.0,9.3,0.74
2014,2014,10,9,Oct,14297.8,7300,False,True,12415.8,1.1515823749719538,6,9.3,9.8,0,0-1x avg,#4f1f22,1.0,10.3,1.15
2014,2014,10,9,Oct,14297.8,7300,False,True,12415.8,1.1515823749719538,6,9.3,9.8,1,1-2x avg,#a3372b,0.152,9.452,1.15
2014,2014,10,9,Oct,14297.8,7300,False,True,12415.8,1.1515823749719538,6,9.3,9.8,2,2-3x avg,#e74c3c,0.0,9.3,1.15
2014,2014,10,9,Oct,14297.8,7300,False,True,12415.8,1.1515823749719538,6,9.3,9.8,3,3-4x avg,#f8c471,0.0,9.3,1.15
2014,2014,11,10,Nov,9007.4,4917,False,True,15165.5,0.593941312172482,6,9.3,9.8,0,0-1x avg,#4f1f22,0.594,9.894,0.59
2014,2014,11,10,Nov,9007.4,4917,False,True,15165.5,0.593941312172482,6,9.3,9.8,1,1-2x avg,#a3372b,0.0,9.3,0.59
2014,2014,11,10,Nov,9007.4,4917,False,True,15165.5,0.593941312172482,6,9.3,9.8,2,2-3x avg,#e74c3c,0.0,9.3,0.59
2014,2014,11,10,Nov,9007.4,4917,False,True,15165.5,0.593941312172482,6,9.3,9.8,3,3-4x avg,#f8c471,0.0,9.3,0.59
2014,2014,12,11,Dec,4247.6,2505,False,True,10231.7,0.4151397298182197,6,9.3,9.8,0,0-1x avg,#4f1f22,0.415,9.715,0.42
2014,2014,12,11,Dec,4247.6,2505,False,True,10231.7,0.4151397298182197,6,9.3,9.8,1,1-2x avg,#a3372b,0.0,9.3,0.42
2014,2014,12,11,Dec,4247.6,2505,False,True,10231.7,0.4151397298182197,6,9.3,9.8,2,2-3x avg,#e74c3c,0.0,9.3,0.42
2014,2014,12,11,Dec,4247.6,2505,False,True,10231.7,0.4151397298182197,6,9.3,9.8,3,3-4x avg,#f8c471,0.0,9.3,0.42
2015,2015,1,0,Jan,1076.5,654,False,True,5348.7,0.20126573995307226,5,7.75,8.25,0,0-1x avg,#4f1f22,0.201,7.951,0.2
2015,2015,1,0,Jan,1076.5,654,False,True,5348.7,0.20126573995307226,5,7.75,8.25,1,1-2x avg,#a3372b,0.0,7.75,0.2
2015,2015,1,0,Jan,1076.5,654,False,True,5348.7,0.20126573995307226,5,7.75,8.25,2,2-3x avg,#e74c3c,0.0,7.75,0.2
2015,2015,1,0,Jan,1076.5,654,False,True,5348.7,0.20126573995307226,5,7.75,8.25,3,3-4x avg,#f8c471,0.0,7.75,0.2
2015,2015,2,1,Feb,944.9,496,False,False,2539.6,0.37206437423005745,5,7.75,8.25,0,0-1x avg,#4f1f22,0.372,8.122,0.37
2015,2015,2,1,Feb,944.9,496,False,False,2539.6,0.37206437423005745,5,7.75,8.25,1,1-2x avg,#a3372b,0.0,7.75,0.37
2015,2015,2,1,Feb,944.9,496,False,False,2539.6,0.37206437423005745,5,7.75,8.25,2,2-3x avg,#e74c3c,0.0,7.75,0.37
2015,2015,2,1,Feb,944.9,496,False,False,2539.6,0.37206437423005745,5,7.75,8.25,3,3-4x avg,#f8c471,0.0,7.75,0.37
2015,2015,3,2,Mar,5087.3,2505,False,False,2921.4,1.7413783407783392,5,7.75,8.25,0,0-1x avg,#4f1f22,1.0,8.75,1.74
2015,2015,3,2,Mar,5087.3,2505,False,False,2921.4,1.7413783407783392,5,7.75,8.25,1,1-2x avg,#a3372b,0.741,8.491,1.74
2015,2015,3,2,Mar,5087.3,2505,False,False,2921.4,1.7413783407783392,5,7.75,8.25,2,2-3x avg,#e74c3c,0.0,7.75,1.74
2015,2015,3,2,Mar,5087.3,2505,False,False,2921.4,1.7413783407783392,5,7.75,8.25,3,3-4x avg,#f8c471,0.0,7.75,1.74
2015,2015,4,3,Apr,4172.7,2138,False,False,4887.6,0.8537306452909326,5,7.75,8.25,0,0-1x avg,#4f1f22,0.854,8.604,0.85
2015,2015,4,3,Apr,4172.7,2138,False,False,4887.6,0.8537306452909326,5,7.75,8.25,1,1-2x avg,#a3372b,0.0,7.75,0.85
2015,2015,4,3,Apr,4172.7,2138,False,False,4887.6,0.8537306452909326,5,7.75,8.25,2,2-3x avg,#e74c3c,0.0,7.75,0.85
2015,2015,4,3,Apr,4172.7,2138,False,False,4887.6,0.8537306452909326,5,7.75,8.25,3,3-4x avg,#f8c471,0.0,7.75,0.85
2015,2015,5,4,May,2895.9,1588,False,False,2832.4,1.0224294634480953,5,7.75,8.25,0,0-1x avg,#4f1f22,1.0,8.75,1.02
2015,2015,5,4,May,2895.9,1588,False,False,2832.4,1.0224294634480953,5,7.75,8.25,1,1-2x avg,#a3372b,0.022,7.772,1.02
2015,2015,5,4,May,2895.9,1588,False,False,2832.4,1.0224294634480953,5,7.75,8.25,2,2-3x avg,#e74c3c,0.0,7.75,1.02
2015,2015,5,4,May,2895.9,1588,False,False,2832.4,1.0224294634480953,5,7.75,8.25,3,3-4x avg,#f8c471,0.0,7.75,1.02
2015,2015,6,5,Jun,1004.5,594,False,False,1375.0,0.7305644302449414,5,7.75,8.25,0,0-1x avg,#4f1f22,0.731,8.481,0.73
2015,2015,6,5,Jun,1004.5,594,False,False,1375.0,0.7305644302449414,5,7.75,8.25,1,1-2x avg,#a3372b,0.0,7.75,0.73
2015,2015,6,5,Jun,1004.5,594,False,False,1375.0,0.7305644302449414,5,7.75,8.25,2,2-3x avg,#e74c3c,0.0,7.75,0.73
2015,2015,6,5,Jun,1004.5,594,False,False,1375.0,0.7305644302449414,5,7.75,8.25,3,3-4x avg,#f8c471,0.0,7.75,0.73
2015,2015,7,6,Jul,1685.9,968,False,False,1934.2,0.8716071995686758,5,7.75,8.25,0,0-1x avg,#4f1f22,0.872,8.622,0.87
2015,2015,7,6,Jul,1685.9,968,False,False,1934.2,0.8716071995686758,5,7.75,8.25,1,1-2x avg,#a3372b,0.0,7.75,0.87
2015,2015,7,6,Jul,1685.9,968,False,False,1934.2,0.8716071995686758,5,7.75,8.25,2,2-3x avg,#e74c3c,0.0,7.75,0.87
2015,2015,7,6,Jul,1685.9,968,False,False,1934.2,0.8716071995686758,5,7.75,8.25,3,3-4x avg,#f8c471,0.0,7.75,0.87
2015,2015,8,7,Aug,2257.5,1400,False,True,3967.9,0.5689356286374168,5,7.75,8.25,0,0-1x avg,#4f1f22,0.569,8.319,0.57
2015,2015,8,7,Aug,2257.5,1400,False,True,3967.9,0.5689356286374168,5,7.75,8.25,1,1-2x avg,#a3372b,0.0,7.75,0.57
2015,2015,8,7,Aug,2257.5,1400,False,True,3967.9,0.5689356286374168,5,7.75,8.25,2,2-3x avg,#e74c3c,0.0,7.75,0.57
2015,2015,8,7,Aug,2257.5,1400,False,True,3967.9,0.5689356286374168,5,7.75,8.25,3,3-4x avg,#f8c471,0.0,7.75,0.57
2015,2015,9,8,Sep,5179.3,2913,False,True,7883.9,0.6569464351399689,5,7.75,8.25,0,0-1x avg,#4f1f22,0.657,8.407,0.66
2015,2015,9,8,Sep,5179.3,2913,False,True,7883.9,0.6569464351399689,5,7.75,8.25,1,1-2x avg,#a3372b,0.0,7.75,0.66
2015,2015,9,8,Sep,5179.3,2913,False,True,7883.9,0.6569464351399689,5,7.75,8.25,2,2-3x avg,#e74c3c,0.0,7.75,0.66
2015,2015,9,8,Sep,5179.3,2913,False,True,7883.9,0.6569464351399689,5,7.75,8.25,3,3-4x avg,#f8c471,0.0,7.75,0.66
2015,2015,10,9,Oct,7961.2,4390,False,True,12415.8,0.6412159635487081,5,7.75,8.25,0,0-1x avg,#4f1f22,0.641,8.391,0.64
2015,2015,10,9,Oct,7961.2,4390,False,True,12415.8,0.6412159635487081,5,7.75,8.25,1,1-2x avg,#a3372b,0.0,7.75,0.64
2015,2015,10,9,Oct,7961.2,4390,False,True,12415.8,0.6412159635487081,5,7.75,8.25,2,2-3x avg,#e74c3c,0.0,7.75,0.64
2015,2015,10,9,Oct,7961.2,4390,False,True,12415.8,0.6412159635487081,5,7.75,8.25,3,3-4x avg,#f8c471,0.0,7.75,0.64
2015,2015,11,10,Nov,6842.3,3637,False,True,15165.5,0.4511762151428574,5,7.75,8.25,0,0-1x avg,#4f1f22,0.451,8.201,0.45
2015,2015,11,10,Nov,6842.3,3637,False,True,15165.5,0.4511762151428574,5,7.75,8.25,1,1-2x avg,#a3372b,0.0,7.75,0.45
2015,2015,11,10,Nov,6842.3,3637,False,True,15165.5,0.4511762151428574,5,7.75,8.25,2,2-3x avg,#e74c3c,0.0,7.75,0.45
2015,2015,11,10,Nov,6842.3,3637,False,True,15165.5,0.4511762151428574,5,7.75,8.25,3,3-4x avg,#f8c471,0.0,7.75,0.45
2015,2015,12,11,Dec,3096.8,1638,False,True,10231.7,0.3026661444818398,5,7.75,8.25,0,0-1x avg,#4f1f22,0.303,8.053,0.3
2015,2015,12,11,Dec,3096.8,1638,False,True,10231.7,0.3026661444818398,5,7.75,8.25,1,1-2x avg,#a3372b,0.0,7.75,0.3
2015,2015,12,11,Dec,3096.8,1638,False,True,10231.7,0.3026661444818398,5,7.75,8.25,2,2-3x avg,#e74c3c,0.0,7.75,0.3
2015,2015,12,11,Dec,3096.8,1638,False,True,10231.7,0.3026661444818398,5,7.75,8.25,3,3-4x avg,#f8c471,0.0,7.75,0.3
2016,2016,1,0,Jan,2318.5,1316,False,True,5348.7,0.4334738672375272,4,6.2,6.7,0,0-1x avg,#4f1f22,0.433,6.633,0.43
2016,2016,1,0,Jan,2318.5,1316,False,True,5348.7,0.4334738672375272,4,6.2,6.7,1,1-2x avg,#a3372b,0.0,6.2,0.43
2016,2016,1,0,Jan,2318.5,1316,False,True,5348.7,0.4334738672375272,4,6.2,6.7,2,2-3x avg,#e74c3c,0.0,6.2,0.43
2016,2016,1,0,Jan,2318.5,1316,False,True,5348.7,0.4334738672375272,4,6.2,6.7,3,3-4x avg,#f8c471,0.0,6.2,0.43
2016,2016,2,1,Feb,1406.2,738,False,False,2539.6,0.5537061308522667,4,6.2,6.7,0,0-1x avg,#4f1f22,0.554,6.754,0.55
2016,2016,2,1,Feb,1406.2,738,False,False,2539.6,0.5537061308522667,4,6.2,6.7,1,1-2x avg,#a3372b,0.0,6.2,0.55
2016,2016,2,1,Feb,1406.2,738,False,False,2539.6,0.5537061308522667,4,6.2,6.7,2,2-3x avg,#e74c3c,0.0,6.2,0.55
2016,2016,2,1,Feb,1406.2,738,False,False,2539.6,0.5537061308522667,4,6.2,6.7,3,3-4x avg,#f8c471,0.0,6.2,0.55
2016,2016,3,2,Mar,2276.8,1207,False,False,2921.4,0.7793466487693124,4,6.2,6.7,0,0-1x avg,#4f1f22,0.779,6.979,0.78
2016,2016,3,2,Mar,2276.8,1207,False,False,2921.4,0.7793466487693124,4,6.2,6.7,1,1-2x avg,#a3372b,0.0,6.2,0.78
2016,2016,3,2,Mar,2276.8,1207,False,False,2921.4,0.7793466487693124,4,6.2,6.7,2,2-3x avg,#e74c3c,0.0,6.2,0.78
2016,2016,3,2,Mar,2276.8,1207,False,False,2921.4,0.7793466487693124,4,6.2,6.7,3,3-4x avg,#f8c471,0.0,6.2,0.78
2016,2016,4,3,Apr,6258.3,3110,False,False,4887.6,1.280442518614864,4,6.2,6.7,0,0-1x avg,#4f1f22,1.0,7.2,1.28
2016,2016,4,3,Apr,6258.3,3110,False,False,4887.6,1.280442518614864,4,6.2,6.7,1,1-2x avg,#a3372b,0.28,6.48,1.28
2016,2016,4,3,Apr,6258.3,3110,False,False,4887.6,1.280442518614864,4,6.2,6.7,2,2-3x avg,#e74c3c,0.0,6.2,1.28
2016,2016,4,3,Apr,6258.3,3110,False,False,4887.6,1.280442518614864,4,6.2,6.7,3,3-4x avg,#f8c471,0.0,6.2,1.28
2016,2016,5,4,May,3268.1,1617,False,False,2832.4,1.1538387822420386,4,6.2,6.7,0,0-1x avg,#4f1f22,1.0,7.2,1.15
2016,2016,5,4,May,3268.1,1617,False,False,2832.4,1.1538387822420386,4,6.2,6.7,1,1-2x avg,#a3372b,0.154,6.354,1.15
2016,2016,5,4,May,3268.1,1617,False,False,2832.4,1.1538387822420386,4,6.2,6.7,2,2-3x avg,#e74c3c,0.0,6.2,1.15
2016,2016,5,4,May,3268.1,1617,False,False,2832.4,1.1538387822420386,4,6.2,6.7,3,3-4x avg,#f8c471,0.0,6.2,1.15
2016,2016,6,5,Jun,839.8,508,False,False,1375.0,0.6107795007662536,4,6.2,6.7,0,0-1x avg,#4f1f22,0.611,6.811,0.61
2016,2016,6,5,Jun,839.8,508,False,False,1375.0,0.6107795007662536,4,6.2,6.7,1,1-2x avg,#a3372b,0.0,6.2,0.61
2016,2016,6,5,Jun,839.8,508,False,False,1375.0,0.6107795007662536,4,6.2,6.7,2,2-3x avg,#e74c3c,0.0,6.2,0.61
2016,2016,6,5,Jun,839.8,508,False,False,1375.0,0.6107795007662536,4,6.2,6.7,3,3-4x avg,#f8c471,0.0,6.2,0.61
2016,2016,7,6,Jul,1747.0,1006,False,False,1934.2,0.9031957872035569,4,6.2,6.7,0,0-1x avg,#4f1f22,0.903,7.103,0.9
2016,2016,7,6,Jul,1747.0,1006,False,False,1934.2,0.9031957872035569,4,6.2,6.7,1,1-2x avg,#a3372b,0.0,6.2,0.9
2016,2016,7,6,Jul,1747.0,1006,False,False,1934.2,0.9031957872035569,4,6.2,6.7,2,2-3x avg,#e74c3c,0.0,6.2,0.9
2016,2016,7,6,Jul,1747.0,1006,False,False,1934.2,0.9031957872035569,4,6.2,6.7,3,3-4x avg,#f8c471,0.0,6.2,0.9
2016,2016,8,7,Aug,1996.2,1177,False,True,3967.9,0.5030827472363284,4,6.2,6.7,0,0-1x avg,#4f1f22,0.503,6.703,0.5
2016,2016,8,7,Aug,1996.2,1177,False,True,3967.9,0.5030827472363284,4,6.2,6.7,1,1-2x avg,#a3372b,0.0,6.2,0.5
2016,2016,8,7,Aug,1996.2,1177,False,True,3967.9,0.5030827472363284,4,6.2,6.7,2,2-3x avg,#e74c3c,0.0,6.2,0.5
2016,2016,8,7,Aug,1996.2,1177,False,True,3967.9,0.5030827472363284,4,6.2,6.7,3,3-4x avg,#f8c471,0.0,6.2,0.5
2016,2016,9,8,Sep,1715.9,1001,False,True,7883.9,0.21764608886464823,4,6.2,6.7,0,0-1x avg,#4f1f22,0.218,6.418,0.22
2016,2016,9,8,Sep,1715.9,1001,False,True,7883.9,0.21764608886464823,4,6.2,6.7,1,1-2x avg,#a3372b,0.0,6.2,0.22
2016,2016,9,8,Sep,1715.9,1001,False,True,7883.9,0.21764608886464823,4,6.2,6.7,2,2-3x avg,#e74c3c,0.0,6.2,0.22
2016,2016,9,8,Sep,1715.9,1001,False,True,7883.9,0.21764608886464823,4,6.2,6.7,3,3-4x avg,#f8c471,0.0,6.2,0.22
2016,2016,10,9,Oct,8703.5,4812,False,True,12415.8,0.7010027557084587,4,6.2,6.7,0,0-1x avg,#4f1f22,0.701,6.901,0.7
2016,2016,10,9,Oct,8703.5,4812,False,True,12415.8,0.7010027557084587,4,6.2,6.7,1,1-2x avg,#a3372b,0.0,6.2,0.7
2016,2016,10,9,Oct,8703.5,4812,False,True,12415.8,0.7010027557084587,4,6.2,6.7,2,2-3x avg,#e74c3c,0.0,6.2,0.7
2016,2016,10,9,Oct,8703.5,4812,False,True,12415.8,0.7010027557084587,4,6.2,6.7,3,3-4x avg,#f8c471,0.0,6.2,0.7
2016,2016,11,10,Nov,13519.5,7070,False,True,15165.5,0.8914658580629117,4,6.2,6.7,0,0-1x avg,#4f1f22,0.891,7.091,0.89
2016,2016,11,10,Nov,13519.5,7070,False,True,15165.5,0.8914658580629117,4,6.2,6.7,1,1-2x avg,#a3372b,0.0,6.2,0.89
2016,2016,11,10,Nov,13519.5,7070,False,True,15165.5,0.8914658580629117,4,6.2,6.7,2,2-3x avg,#e74c3c,0.0,6.2,0.89
2016,2016,11,10,Nov,13519.5,7070,False,True,15165.5,0.8914658580629117,4,6.2,6.7,3,3-4x avg,#f8c471,0.0,6.2,0.89
2016,2016,12,11,Dec,6686.7,3565,False,True,10231.7,0.6535254805950395,4,6.2,6.7,0,0-1x avg,#4f1f22,0.654,6.854,0.65
2016,2016,12,11,Dec,6686.7,3565,False,True,10231.7,0.6535254805950395,4,6.2,6.7,1,1-2x avg,#a3372b,0.0,6.2,0.65
2016,2016,12,11,Dec,6686.7,3565,False,True,10231.7,0.6535254805950395,4,6.2,6.7,2,2-3x avg,#e74c3c,0.0,6.2,0.65
2016,2016,12,11,Dec,6686.7,3565,False,True,10231.7,0.6535254805950395,4,6.2,6.7,3,3-4x avg,#f8c471,0.0,6.2,0.65
2017,2017,1,0,Jan,1423.8,705,False,True,5348.7,0.2661980125826143,3,4.65,5.15,0,0-1x avg,#4f1f22,0.266,4.916,0.27
2017,2017,1,0,Jan,1423.8,705,False,True,5348.7,0.2661980125826143,3,4.65,5.15,1,1-2x avg,#a3372b,0.0,4.65,0.27
2017,2017,1,0,Jan,1423.8,705,False,True,5348.7,0.2661980125826143,3,4.65,5.15,2,2-3x avg,#e74c3c,0.0,4.65,0.27
2017,2017,1,0,Jan,1423.8,705,False,True,5348.7,0.2661980125826143,3,4.65,5.15,3,3-4x avg,#f8c471,0.0,4.65,0.27
2017,2017,2,1,Feb,1896.6,1021,False,False,2539.6,0.7468063204198613,3,4.65,5.15,0,0-1x avg,#4f1f22,0.747,5.397,0.75
2017,2017,2,1,Feb,1896.6,1021,False,False,2539.6,0.7468063204198613,3,4.65,5.15,1,1-2x avg,#a3372b,0.0,4.65,0.75
2017,2017,2,1,Feb,1896.6,1021,False,False,2539.6,0.7468063204198613,3,4.65,5.15,2,2-3x avg,#e74c3c,0.0,4.65,0.75
2017,2017,2,1,Feb,1896.6,1021,False,False,2539.6,0.7468063204198613,3,4.65,5.15,3,3-4x avg,#f8c471,0.0,4.65,0.75
2017,2017,3,2,Mar,3381.9,1425,False,False,2921.4,1.1576214122772917,3,4.65,5.15,0,0-1x avg,#4f1f22,1.0,5.65,1.16
2017,2017,3,2,Mar,3381.9,1425,False,False,2921.4,1.1576214122772917,3,4.65,5.15,1,1-2x avg,#a3372b,0.158,4.808,1.16
2017,2017,3,2,Mar,3381.9,1425,False,False,2921.4,1.1576214122772917,3,4.65,5.15,2,2-3x avg,#e74c3c,0.0,4.65,1.16
2017,2017,3,2,Mar,3381.9,1425,False,False,2921.4,1.1576214122772917,3,4.65,5.15,3,3-4x avg,#f8c471,0.0,4.65,1.16
2017,2017,4,3,Apr,7086.4,3586,False,False,4887.6,1.449871029498805,3,4.65,5.15,0,0-1x avg,#4f1f22,1.0,5.65,1.45
2017,2017,4,3,Apr,7086.4,3586,False,False,4887.6,1.449871029498805,3,4.65,5.15,1,1-2x avg,#a3372b,0.45,5.1,1.45
2017,2017,4,3,Apr,7086.4,3586,False,False,4887.6,1.449871029498805,3,4.65,5.15,2,2-3x avg,#e74c3c,0.0,4.65,1.45
2017,2017,4,3,Apr,7086.4,3586,False,False,4887.6,1.449871029498805,3,4.65,5.15,3,3-4x avg,#f8c471,0.0,4.65,1.45
2017,2017,5,4,May,5189.3,2677,False,False,2832.4,1.8321396507721952,3,4.65,5.15,0,0-1x avg,#4f1f22,1.0,5.65,1.83
2017,2017,5,4,May,5189.3,2677,False,False,2832.4,1.8321396507721952,3,4.65,5.15,1,1-2x avg,#a3372b,0.832,5.482,1.83
2017,2017,5,4,May,5189.3,2677,False,False,2832.4,1.8321396507721952,3,4.65,5.15,2,2-3x avg,#e74c3c,0.0,4.65,1.83
2017,2017,5,4,May,5189.3,2677,False,False,2832.4,1.8321396507721952,3,4.65,5.15,3,3-4x avg,#f8c471,0.0,4.65,1.83
2017,2017,6,5,Jun,2267.7,1437,False,False,1375.0,1.649279202057196,3,4.65,5.15,0,0-1x avg,#4f1f22,1.0,5.65,1.65
2017,2017,6,5,Jun,2267.7,1437,False,False,1375.0,1.649279202057196,3,4.65,5.15,1,1-2x avg,#a3372b,0.649,5.299,1.65
2017,2017,6,5,Jun,2267.7,1437,False,False,1375.0,1.649279202057196,3,4.65,5.15,2,2-3x avg,#e74c3c,0.0,4.65,1.65
2017,2017,6,5,Jun,2267.7,1437,False,False,1375.0,1.649279202057196,3,4.65,5.15,3,3-4x avg,#f8c471,0.0,4.65,1.65
2017,2017,7,6,Jul,2486.1,1446,False,False,1934.2,1.285309127971816,3,4.65,5.15,0,0-1x avg,#4f1f22,1.0,5.65,1.29
2017,2017,7,6,Jul,2486.1,1446,False,False,1934.2,1.285309127971816,3,4.65,5.15,1,1-2x avg,#a3372b,0.285,4.935,1.29
2017,2017,7,6,Jul,2486.1,1446,False,False,1934.2,1.285309127971816,3,4.65,5.15,2,2-3x avg,#e74c3c,0.0,4.65,1.29
2017,2017,7,6,Jul,2486.1,1446,False,False,1934.2,1.285309127971816,3,4.65,5.15,3,3-4x avg,#f8c471,0.0,4.65,1.29
2017,2017,8,7,Aug,3566.9,1985,False,True,3967.9,0.8989308942577194,3,4.65,5.15,0,0-1x avg,#4f1f22,0.899,5.549,0.9
2017,2017,8,7,Aug,3566.9,1985,False,True,3967.9,0.8989308942577194,3,4.65,5.15,1,1-2x avg,#a3372b,0.0,4.65,0.9
2017,2017,8,7,Aug,3566.9,1985,False,True,3967.9,0.8989308942577194,3,4.65,5.15,2,2-3x avg,#e74c3c,0.0,4.65,0.9
2017,2017,8,7,Aug,3566.9,1985,False,True,3967.9,0.8989308942577194,3,4.65,5.15,3,3-4x avg,#f8c471,0.0,4.65,0.9
2017,2017,9,8,Sep,7187.2,3827,False,True,7883.9,0.9116300308223088,3,4.65,5.15,0,0-1x avg,#4f1f22,0.912,5.562,0.91
2017,2017,9,8,Sep,7187.2,3827,False,True,7883.9,0.9116300308223088,3,4.65,5.15,1,1-2x avg,#a3372b,0.0,4.65,0.91
2017,2017,9,8,Sep,7187.2,3827,False,True,7883.9,0.9116300308223088,3,4.65,5.15,2,2-3x avg,#e74c3c,0.0,4.65,0.91
2017,2017,9,8,Sep,7187.2,3827,False,True,7883.9,0.9116300308223088,3,4.65,5.15,3,3-4x avg,#f8c471,0.0,4.65,0.91
2017,2017,10,9,Oct,4079.2,2178,False,True,12415.8,0.32854948481483826,3,4.65,5.15,0,0-1x avg,#4f1f22,0.329,4.979,0.33
2017,2017,10,9,Oct,4079.2,2178,False,True,12415.8,0.32854948481483826,3,4.65,5.15,1,1-2x avg,#a3372b,0.0,4.65,0.33
2017,2017,10,9,Oct,4079.2,2178,False,True,12415.8,0.32854948481483826,3,4.65,5.15,2,2-3x avg,#e74c3c,0.0,4.65,0.33
2017,2017,10,9,Oct,4079.2,2178,False,True,12415.8,0.32854948481483826,3,4.65,5.15,3,3-4x avg,#f8c471,0.0,4.65,0.33
2017,2017,11,10,Nov,6569.8,3485,False,True,15165.5,0.433207766137928,3,4.65,5.15,0,0-1x avg,#4f1f22,0.433,5.083,0.43
2017,2017,11,10,Nov,6569.8,3485,False,True,15165.5,0.433207766137928,3,4.65,5.15,1,1-2x avg,#a3372b,0.0,4.65,0.43
2017,2017,11,10,Nov,6569.8,3485,False,True,15165.5,0.433207766137928,3,4.65,5.15,2,2-3x avg,#e74c3c,0.0,4.65,0.43
2017,2017,11,10,Nov,6569.8,3485,False,True,15165.5,0.433207766137928,3,4.65,5.15,3,3-4x avg,#f8c471,0.0,4.65,0.43
2017,2017,12,11,Dec,8375.5,4564,False,True,10231.7,0.818580564811305,3,4.65,5.15,0,0-1x avg,#4f1f22,0.819,5.469,0.82
2017,2017,12,11,Dec,8375.5,4564,False,True,10231.7,0.818580564811305,3,4.65,5.15,1,1-2x avg,#a3372b,0.0,4.65,0.82
2017,2017,12,11,Dec,8375.5,4564,False,True,10231.7,0.818580564811305,3,4.65,5.15,2,2-3x avg,#e74c3c,0.0,4.65,0.82
2017,2017,12,11,Dec,8375.5,4564,False,True,10231.7,0.818580564811305,3,4.65,5.15,3,3-4x avg,#f8c471,0.0,4.65,0.82
2018,2018,1,0,Jan,4932.1,2353,False,True,5348.7,0.9221205350882933,2,3.1,3.6,0,0-1x avg,#4f1f22,0.922,4.022,0.92
2018,2018,1,0,Jan,4932.1,2353,False,True,5348.7,0.9221205350882933,2,3.1,3.6,1,1-2x avg,#a3372b,0.0,3.1,0.92
2018,2018,1,0,Jan,4932.1,2353,False,True,5348.7,0.9221205350882933,2,3.1,3.6,2,2-3x avg,#e74c3c,0.0,3.1,0.92
2018,2018,1,0,Jan,4932.1,2353,False,True,5348.7,0.9221205350882933,2,3.1,3.6,3,3-4x avg,#f8c471,0.0,3.1,0.92
2018,2018,2,1,Feb,2574.9,1340,False,False,2539.6,1.0138941234045666,2,3.1,3.6,0,0-1x avg,#4f1f22,1.0,4.1,1.01
2018,2018,2,1,Feb,2574.9,1340,False,False,2539.6,1.0138941234045666,2,3.1,3.6,1,1-2x avg,#a3372b,0.014,3.114,1.01
2018,2018,2,1,Feb,2574.9,1340,False,False,2539.6,1.0138941234045666,2,3.1,3.6,2,2-3x avg,#e74c3c,0.0,3.1,1.01
2018,2018,2,1,Feb,2574.9,1340,False,False,2539.6,1.0138941234045666,2,3.1,3.6,3,3-4x avg,#f8c471,0.0,3.1,1.01
2018,2018,3,2,Mar,2273.9,1190,False,False,2921.4,0.7783539813055778,2,3.1,3.6,0,0-1x avg,#4f1f22,0.778,3.878,0.78
2018,2018,3,2,Mar,2273.9,1190,False,False,2921.4,0.7783539813055778,2,3.1,3.6,1,1-2x avg,#a3372b,0.0,3.1,0.78
2018,2018,3,2,Mar,2273.9,1190,False,False,2921.4,0.7783539813055778,2,3.1,3.6,2,2-3x avg,#e74c3c,0.0,3.1,0.78
2018,2018,3,2,Mar,2273.9,1190,False,False,2921.4,0.7783539813055778,2,3.1,3.6,3,3-4x avg,#f8c471,0.0,3.1,0.78
2018,2018,4,3,Apr,5926.3,3041,False,False,4887.6,1.2125156189487991,2,3.1,3.6,0,0-1x avg,#4f1f22,1.0,4.1,1.21
2018,2018,4,3,Apr,5926.3,3041,False,False,4887.6,1.2125156189487991,2,3.1,3.6,1,1-2x avg,#a3372b,0.213,3.313,1.21
2018,2018,4,3,Apr,5926.3,3041,False,False,4887.6,1.2125156189487991,2,3.1,3.6,2,2-3x avg,#e74c3c,0.0,3.1,1.21
2018,2018,4,3,Apr,5926.3,3041,False,False,4887.6,1.2125156189487991,2,3.1,3.6,3,3-4x avg,#f8c471,0.0,3.1,1.21
2018,2018,5,4,May,3907.9,2019,False,False,2832.4,1.379727235128565,2,3.1,3.6,0,0-1x avg,#4f1f22,1.0,4.1,1.38
2018,2018,5,4,May,3907.9,2019,False,False,2832.4,1.379727235128565,2,3.1,3.6,1,1-2x avg,#a3372b,0.38,3.48,1.38
2018,2018,5,4,May,3907.9,2019,False,False,2832.4,1.379727235128565,2,3.1,3.6,2,2-3x avg,#e74c3c,0.0,3.1,1.38
2018,2018,5,4,May,3907.9,2019,False,False,2832.4,1.379727235128565,2,3.1,3.6,3,3-4x avg,#f8c471,0.0,3.1,1.38
2018,2018,6,5,Jun,2181.6,1335,False,False,1375.0,1.586659393750487,2,3.1,3.6,0,0-1x avg,#4f1f22,1.0,4.1,1.59
2018,2018,6,5,Jun,2181.6,1335,False,False,1375.0,1.586659393750487,2,3.1,3.6,1,1-2x avg,#a3372b,0.587,3.687,1.59
2018,2018,6,5,Jun,2181.6,1335,False,False,1375.0,1.586659393750487,2,3.1,3.6,2,2-3x avg,#e74c3c,0.0,3.1,1.59
2018,2018,6,5,Jun,2181.6,1335,False,False,1375.0,1.586659393750487,2,3.1,3.6,3,3-4x avg,#f8c471,0.0,3.1,1.59
2018,2018,7,6,Jul,3210.2,1850,False,False,1934.2,1.65966749632562,2,3.1,3.6,0,0-1x avg,#4f1f22,1.0,4.1,1.66
2018,2018,7,6,Jul,3210.2,1850,False,False,1934.2,1.65966749632562,2,3.1,3.6,1,1-2x avg,#a3372b,0.66,3.76,1.66
2018,2018,7,6,Jul,3210.2,1850,False,False,1934.2,1.65966749632562,2,3.1,3.6,2,2-3x avg,#e74c3c,0.0,3.1,1.66
2018,2018,7,6,Jul,3210.2,1850,False,False,1934.2,1.65966749632562,2,3.1,3.6,3,3-4x avg,#f8c471,0.0,3.1,1.66
2018,2018,8,7,Aug,3705.9,2122,False,True,3967.9,0.9339617037286391,2,3.1,3.6,0,0-1x avg,#4f1f22,0.934,4.034,0.93
2018,2018,8,7,Aug,3705.9,2122,False,True,3967.9,0.9339617037286391,2,3.1,3.6,1,1-2x avg,#a3372b,0.0,3.1,0.93
2018,2018,8,7,Aug,3705.9,2122,False,True,3967.9,0.9339617037286391,2,3.1,3.6,2,2-3x avg,#e74c3c,0.0,3.1,0.93
2018,2018,8,7,Aug,3705.9,2122,False,True,3967.9,0.9339617037286391,2,3.1,3.6,3,3-4x avg,#f8c471,0.0,3.1,0.93
2018,2018,9,8,Sep,8305.3,4290,False,True,7883.9,1.0534507033321072,2,3.1,3.6,0,0-1x avg,#4f1f22,1.0,4.1,1.05
2018,2018,9,8,Sep,8305.3,4290,False,True,7883.9,1.0534507033321072,2,3.1,3.6,1,1-2x avg,#a3372b,0.053,3.153,1.05
2018,2018,9,8,Sep,8305.3,4290,False,True,7883.9,1.0534507033321072,2,3.1,3.6,2,2-3x avg,#e74c3c,0.0,3.1,1.05
2018,2018,9,8,Sep,8305.3,4290,False,True,7883.9,1.0534507033321072,2,3.1,3.6,3,3-4x avg,#f8c471,0.0,3.1,1.05
2018,2018,10,9,Oct,9436.2,5243,False,True,12415.8,0.7600163386472292,2,3.1,3.6,0,0-1x avg,#4f1f22,0.76,3.86,0.76
2018,2018,10,9,Oct,9436.2,5243,False,True,12415.8,0.7600163386472292,2,3.1,3.6,1,1-2x avg,#a3372b,0.0,3.1,0.76
2018,2018,10,9,Oct,9436.2,5243,False,True,12415.8,0.7600163386472292,2,3.1,3.6,2,2-3x avg,#e74c3c,0.0,3.1,0.76
2018,2018,10,9,Oct,9436.2,5243,False,True,12415.8,0.7600163386472292,2,3.1,3.6,3,3-4x avg,#f8c471,0.0,3.1,0.76
2018,2018,11,10,Nov,15940.9,8291,False,True,15165.5,1.0511311880465304,2,3.1,3.6,0,0-1x avg,#4f1f22,1.0,4.1,1.05
2018,2018,11,10,Nov,15940.9,8291,False,True,15165.5,1.0511311880465304,2,3.1,3.6,1,1-2x avg,#a3372b,0.051,3.151,1.05
2018,2018,11,10,Nov,15940.9,8291,False,True,15165.5,1.0511311880465304,2,3.1,3.6,2,2-3x avg,#e74c3c,0.0,3.1,1.05
2018,2018,11,10,Nov,15940.9,8291,False,True,15165.5,1.0511311880465304,2,3.1,3.6,3,3-4x avg,#f8c471,0.0,3.1,1.05
2018,2018,12,11,Dec,9147.9,4708,False,True,10231.7,0.8940711777013117,2,3.1,3.6,0,0-1x avg,#4f1f22,0.894,3.994,0.89
2018,2018,12,11,Dec,9147.9,4708,False,True,10231.7,0.8940711777013117,2,3.1,3.6,1,1-2x avg,#a3372b,0.0,3.1,0.89
2018,2018,12,11,Dec,9147.9,4708,False,True,10231.7,0.8940711777013117,2,3.1,3.6,2,2-3x avg,#e74c3c,0.0,3.1,0.89
2018,2018,12,11,Dec,9147.9,4708,False,True,10231.7,0.8940711777013117,2,3.1,3.6,3,3-4x avg,#f8c471,0.0,3.1,0.89
2019,2019,1,0,Jan,6664.4,3497,False,True,5348.7,1.2459966533611284,1,1.55,2.05,0,0-1x avg,#4f1f22,1.0,2.55,1.25
2019,2019,1,0,Jan,6664.4,3497,False,True,5348.7,1.2459966533611284,1,1.55,2.05,1,1-2x avg,#a3372b,0.246,1.796,1.25
2019,2019,1,0,Jan,6664.4,3497,False,True,5348.7,1.2459966533611284,1,1.55,2.05,2,2-3x avg,#e74c3c,0.0,1.55,1.25
2019,2019,1,0,Jan,6664.4,3497,False,True,5348.7,1.2459966533611284,1,1.55,2.05,3,3-4x avg,#f8c471,0.0,1.55,1.25
2019,2019,2,1,Feb,4127.9,2300,False,False,2539.6,1.6254043077407705,1,1.55,2.05,0,0-1x avg,#4f1f22,1.0,2.55,1.63
2019,2019,2,1,Feb,4127.9,2300,False,False,2539.6,1.6254043077407705,1,1.55,2.05,1,1-2x avg,#a3372b,0.625,2.175,1.63
2019,2019,2,1,Feb,4127.9,2300,False,False,2539.6,1.6254043077407705,1,1.55,2.05,2,2-3x avg,#e74c3c,0.0,1.55,1.63
2019,2019,2,1,Feb,4127.9,2300,False,False,2539.6,1.6254043077407705,1,1.55,2.05,3,3-4x avg,#f8c471,0.0,1.55,1.63
2019,2019,3,2,Mar,3602.4,1877,False,False,2921.4,1.2330983694336661,1,1.55,2.05,0,0-1x avg,#4f1f22,1.0,2.55,1.23
2019,2019,3,2,Mar,3602.4,1877,False,False,2921.4,1.2330983694336661,1,1.55,2.05,1,1-2x avg,#a3372b,0.233,1.783,1.23
2019,2019,3,2,Mar,3602.4,1877,False,False,2921.4,1.2330983694336661,1,1.55,2.05,2,2-3x avg,#e74c3c,0.0,1.55,1.23
2019,2019,3,2,Mar,3602.4,1877,False,False,2921.4,1.2330983694336661,1,1.55,2.05,3,3-4x avg,#f8c471,0.0,1.55,1.23
2019,2019,4,3,Apr,2953.8,1495,False,False,4887.6,0.6043448079325993,1,1.55,2.05,0,0-1x avg,#4f1f22,0.604,2.154,0.6
2019,2019,4,3,Apr,2953.8,1495,False,False,4887.6,0.6043448079325993,1,1.55,2.05,1,1-2x avg,#a3372b,0.0,1.55,0.6
2019,2019,4,3,Apr,2953.8,1495,False,False,4887.6,0.6043448079325993,1,1.55,2.05,2,2-3x avg,#e74c3c,0.0,1.55,0.6
2019,2019,4,3,Apr,2953.8,1495,False,False,4887.6,0.6043448079325993,1,1.55,2.05,3,3-4x avg,#f8c471,0.0,1.55,0.6
2019,2019,5,4,May,2128.4,1189,False,False,2832.4,0.7514551158544583,1,1.55,2.05,0,0-1x avg,#4f1f22,0.751,2.301,0.75
2019,2019,5,4,May,2128.4,1189,False,False,2832.4,0.7514551158544583,1,1.55,2.05,1,1-2x avg,#a3372b,0.0,1.55,0.75
2019,2019,5,4,May,2128.4,1189,False,False,2832.4,0.7514551158544583,1,1.55,2.05,2,2-3x avg,#e74c3c,0.0,1.55,0.75
2019,2019,5,4,May,2128.4,1189,False,False,2832.4,0.7514551158544583,1,1.55,2.05,3,3-4x avg,#f8c471,0.0,1.55,0.75
2019,2019,6,5,Jun,1908.7,1128,False,False,1375.0,1.3881815112080833,1,1.55,2.05,0,0-1x avg,#4f1f22,1.0,2.55,1.39
2019,2019,6,5,Jun,1908.7,1128,False,False,1375.0,1.3881815112080833,1,1.55,2.05,1,1-2x avg,#a3372b,0.388,1.938,1.39
2019,2019,6,5,Jun,1908.7,1128,False,False,1375.0,1.3881815112080833,1,1.55,2.05,2,2-3x avg,#e74c3c,0.0,1.55,1.39
2019,2019,6,5,Jun,1908.7,1128,False,False,1375.0,1.3881815112080833,1,1.55,2.05,3,3-4x avg,#f8c471,0.0,1.55,1.39
2019,2019,7,6,Jul,3030.8,1739,False,False,1934.2,1.5669180262487352,1,1.55,2.05,0,0-1x avg,#4f1f22,1.0,2.55,1.57
2019,2019,7,6,Jul,3030.8,1739,False,False,1934.2,1.5669180262487352,1,1.55,2.05,1,1-2x avg,#a3372b,0.567,2.117,1.57
2019,2019,7,6,Jul,3030.8,1739,False,False,1934.2,1.5669180262487352,1,1.55,2.05,2,2-3x avg,#e74c3c,0.0,1.55,1.57
2019,2019,7,6,Jul,3030.8,1739,False,False,1934.2,1.5669180262487352,1,1.55,2.05,3,3-4x avg,#f8c471,0.0,1.55,1.57
2019,2019,8,7,Aug,3498.6,2012,True,True,3967.9,0.8817179137766848,1,1.55,2.05,0,0-1x avg,#4f1f22,0.882,2.432,0.88
2019,2019,8,7,Aug,3498.6,2012,True,True,3967.9,0.8817179137766848,1,1.55,2.05,1,1-2x avg,#a3372b,0.0,1.55,0.88
2019,2019,8,7,Aug,3498.6,2012,True,True,3967.9,0.8817179137766848,1,1.55,2.05,2,2-3x avg,#e74c3c,0.0,1.55,0.88
2019,2019,8,7,Aug,3498.6,2012,True,True,3967.9,0.8817179137766848,1,1.55,2.05,3,3-4x avg,#f8c471,0.0,1.55,0.88
2019,2019,9,8,Sep,8564.9,4815,True,True,7883.9,1.0863785689823564,1,1.55,2.05,0,0-1x avg,#4f1f22,1.0,2.55,1.09
2019,2019,9,8,Sep,8564.9,4815,True,True,7883.9,1.0863785689823564,1,1.55,2.05,1,1-2x avg,#a3372b,0.086,1.636,1.09
2019,2019,9,8,Sep,8564.9,4815,True,True,7883.9,1.0863785689823564,1,1.55,2.05,2,2-3x avg,#e74c3c,0.0,1.55,1.09
2019,2019,9,8,Sep,8564.9,4815,True,True,7883.9,1.0863785689823564,1,1.55,2.05,3,3-4x avg,#f8c471,0.0,1.55,1.09
2019,2019,10,9,Oct,9451.5,4999,True,True,12415.8,0.7612486408431662,1,1.55,2.05,0,0-1x avg,#4f1f22,0.761,2.311,0.76
2019,2019,10,9,Oct,9451.5,4999,True,True,12415.8,0.7612486408431662,1,1.55,2.05,1,1-2x avg,#a3372b,0.0,1.55,0.76
2019,2019,10,9,Oct,9451.5,4999,True,True,12415.8,0.7612486408431662,1,1.55,2.05,2,2-3x avg,#e74c3c,0.0,1.55,0.76
2019,2019,10,9,Oct,9451.5,4999,True,True,12415.8,0.7612486408431662,1,1.55,2.05,3,3-4x avg,#f8c471,0.0,1.55,0.76
2019,2019,11,10,Nov,33037.2,18349,True,True,15165.5,2.1784485998739616,1,1.55,2.05,0,0-1x avg,#4f1f22,1.0,2.55,2.18
2019,2019,11,10,Nov,33037.2,18349,True,True,15165.5,2.1784485998739616,1,1.55,2.05,1,1-2x avg,#a3372b,1.0,2.55,2.18
2019,2019,11,10,Nov,33037.2,18349,True,True,15165.5,2.1784485998739616,1,1.55,2.05,2,2-3x avg,#e74c3c,0.178,1.728,2.18
2019,2019,11,10,Nov,33037.2,18349,True,True,15165.5,2.1784485998739616,1,1.55,2.05,3,3-4x avg,#f8c471,0.0,1.55,2.18
2019,2019,12,11,Dec,62015.8,35356,True,True,10231.7,4.0,1,1.55,2.05,0,0-1x avg,#4f1f22,1.0,2.55,4.0
2019,2019,12,11,Dec,62015.8,35356,True,True,10231.7,4.0,1,1.55,2.05,1,1-2x avg,#a3372b,1.0,2.55,4.0
2019,2019,12,11,Dec,62015.8,35356,True,True,10231.7,4.0,1,1.55,2.05,2,2-3x avg,#e74c3c,1.0,2.55,4.0
2019,2019,12,11,Dec,62015.8,35356,True,True,10231.7,4.0,1,1.55,2.05,3,3-4x avg,#f8c471,1.0,2.55,4.0
2020,2020,1,0,Jan,27667.9,17645,True,True,5348.7,4.0,0,0.0,0.5,0,0-1x avg,#4f1f22,1.0,1.0,4.0
2020,2020,1,0,Jan,27667.9,17645,True,True,5348.7,4.0,0,0.0,0.5,1,1-2x avg,#a3372b,1.0,1.0,4.0
2020,2020,1,0,Jan,27667.9,17645,True,True,5348.7,4.0,0,0.0,0.5,2,2-3x avg,#e74c3c,1.0,1.0,4.0
2020,2020,1,0,Jan,27667.9,17645,True,True,5348.7,4.0,0,0.0,0.5,3,3-4x avg,#f8c471,1.0,1.0,4.0
2020,2020,2,1,Feb,3936.5,2168,False,False,2539.6,1.5500385322855554,0,0.0,0.5,0,0-1x avg,#4f1f22,1.0,1.0,1.55
2020,2020,2,1,Feb,3936.5,2168,False,False,2539.6,1.5500385322855554,0,0.0,0.5,1,1-2x avg,#a3372b,0.55,0.55,1.55
2020,2020,2,1,Feb,3936.5,2168,False,False,2539.6,1.5500385322855554,0,0.0,0.5,2,2-3x avg,#e74c3c,0.0,0.0,1.55
2020,2020,2,1,Feb,3936.5,2168,False,False,2539.6,1.5500385322855554,0,0.0,0.5,3,3-4x avg,#f8c471,0.0,0.0,1.55
2020,2020,3,2,Mar,1613.9,849,False,False,2921.4,0.552436558524593,0,0.0,0.5,0,0-1x avg,#4f1f22,0.552,0.552,0.55
2020,2020,3,2,Mar,1613.9,849,False,False,2921.4,0.552436558524593,0,0.0,0.5,1,1-2x avg,#a3372b,0.0,0.0,0.55
2020,2020,3,2,Mar,1613.9,849,False,False,2921.4,0.552436558524593,0,0.0,0.5,2,2-3x avg,#e74c3c,0.0,0.0,0.55
2020,2020,3,2,Mar,1613.9,849,False,False,2921.4,0.552436558524593,0,0.0,0.5,3,3-4x avg,#f8c471,0.0,0.0,0.55
2020,2020,4,3,Apr,1648.2,927,False,False,4887.6,0.3372202290048446,0,0.0,0.5,0,0-1x avg,#4f1f22,0.337,0.337,0.34
2020,2020,4,3,Apr,1648.2,927,False,False,4887.6,0.3372202290048446,0,0.0,0.5,1,1-2x avg,#a3372b,0.0,0.0,0.34
2020,2020,4,3,Apr,1648.2,927,False,False,4887.6,0.3372202290048446,0,0.0,0.5,2,2-3x avg,#e74c3c,0.0,0.0,0.34
2020,2020,4,3,Apr,1648.2,927,False,False,4887.6,0.3372202290048446,0,0.0,0.5,3,3-4x avg,#f8c471,0.0,0.0,0.34
2020,2020,5,4,May,1345.9,854,False,False,2832.4,0.4751848526726722,0,0.0,0.5,0,0-1x avg,#4f1f22,0.475,0.475,0.48
2020,2020,5,4,May,1345.9,854,False,False,2832.4,0.4751848526726722,0,0.0,0.5,1,1-2x avg,#a3372b,0.0,0.0,0.48
2020,2020,5,4,May,1345.9,854,False,False,2832.4,0.4751848526726722,0,0.0,0.5,2,2-3x avg,#e74c3c,0.0,0.0,0.48
2020,2020,5,4,May,1345.9,854,False,False,2832.4,0.4751848526726722,0,0.0,0.5,3,3-4x avg,#f8c471,0.0,0.0,0.48
2020,2020,6,5,Jun,1164.5,714,False,False,1375.0,0.8469310891191979,0,0.0,0.5,0,0-1x avg,#4f1f22,0.847,0.847,0.85
2020,2020,6,5,Jun,1164.5,714,False,False,1375.0,0.8469310891191979,0,0.0,0.5,1,1-2x avg,#a3372b,0.0,0.0,0.85
2020,2020,6,5,Jun,1164.5,714,False,False,1375.0,0.8469310891191979,0,0.0,0.5,2,2-3x avg,#e74c3c,0.0,0.0,0.85
2020,2020,6,5,Jun,1164.5,714,False,False,1375.0,0.8469310891191979,0,0.0,0.5,3,3-4x avg,#f8c471,0.0,0.0,0.85
2020,2020,7,6,Jul,2085.2,1339,False,False,1934.2,1.078044565241475,0,0.0,0.5,0,0-1x avg,#4f1f22,1.0,1.0,1.08
2020,2020,7,6,Jul,2085.2,1339,False,False,1934.2,1.078044565241475,0,0.0,0.5,1,1-2x avg,#a3372b,0.078,0.078,1.08
2020,2020,7,6,Jul,2085.2,1339,False,False,1934.2,1.078044565241475,0,0.0,0.5,2,2-3x avg,#e74c3c,0.0,0.0,1.08
2020,2020,7,6,Jul,2085.2,1339,False,False,1934.2,1.078044565241475,0,0.0,0.5,3,3-4x avg,#f8c471,0.0,0.0,1.08
2020,2020,8,7,Aug,1288.5,722,False,True,3967.9,0.3247280431890638,0,0.0,0.5,0,0-1x avg,#4f1f22,0.325,0.325,0.32
2020,2020,8,7,Aug,1288.5,722,False,True,3967.9,0.3247280431890638,0,0.0,0.5,1,1-2x avg,#a3372b,0.0,0.0,0.32
2020,2020,8,7,Aug,1288.5,722,False,True,3967.9,0.3247280431890638,0,0.0,0.5,2,2-3x avg,#e74c3c,0.0,0.0,0.32
2020,2020,8,7,Aug,1288.5,722,False,True,3967.9,0.3247280431890638,0,0.0,0.5,3,3-4x avg,#f8c471,0.0,0.0,0.32
2020,2020,9,8,Sep,2383.8,1399,False,True,7883.9,0.3023630436712795,0,0.0,0.5,0,0-1x avg,#4f1f22,0.302,0.302,0.3
2020,2020,9,8,Sep,2383.8,1399,False,True,7883.9,0.3023630436712795,0,0.0,0.5,1,1-2x avg,#a3372b,0.0,0.0,0.3
2020,2020,9,8,Sep,2383.8,1399,False,True,7883.9,0.3023630436712795,0,0.0,0.5,2,2-3x avg,#e74c3c,0.0,0.0,0.3
2020,2020,9,8,Sep,2383.8,1399,False,True,7883.9,0.3023630436712795,0,0.0,0.5,3,3-4x avg,#f8c471,0.0,0.0,0.3
2020,2020,10,9,Oct,5540.2,3192,False,True,12415.8,0.44622226313276303,0,0.0,0.5,0,0-1x avg,#4f1f22,0.446,0.446,0.45
2020,2020,10,9,Oct,5540.2,3192,False,True,12415.8,0.44622226313276303,0,0.0,0.5,1,1-2x avg,#a3372b,0.0,0.0,0.45
2020,2020,10,9,Oct,5540.2,3192,False,True,12415.8,0.44622226313276303,0,0.0,0.5,2,2-3x avg,#e74c3c,0.0,0.0,0.45
2020,2020,10,9,Oct,5540.2,3192,False,True,12415.8,0.44622226313276303,0,0.0,0.5,3,3-4x avg,#f8c471,0.0,0.0,0.45
2020,2020,11,10,Nov,0.0,0,False,True,15165.5,0.0,0,0.0,0.5,0,0-1x avg,#4f1f22,0.0,0.0,0.0
2020,2020,11,10,Nov,0.0,0,False,True,15165.5,0.0,0,0.0,0.5,1,1-2x avg,#a3372b,0.0,0.0,0.0
2020,2020,11,10,Nov,0.0,0,False,True,15165.5,0.0,0,0.0,0.5,2,2-3x avg,#e74c3c,0.0,0.0,0.0
2020,2020,11,10,Nov,0.0,0,False,True,15165.5,0.0,0,0.0,0.5,3,3-4x avg,#f8c471,0.0,0.0,0.0
2020,2020,12,11,Dec,0.0,0,False,True,10231.7,0.0,0,0.0,0.5,0,0-1x avg,#4f1f22,0.0,0.0,0.0
2020,2020,12,11,Dec,0.0,0,False,True,10231.7,0.0,0,0.0,0.5,1,1-2x avg,#a3372b,0.0,0.0,0.0
2020,2020,12,11,Dec,0.0,0,False,True,10231.7,0.0,0,0.0,0.5,2,2-3x avg,#e74c3c,0.0,0.0,0.0
2020,2020,12,11,Dec,0.0,0,False,True,10231.7,0.0,0,0.0,0.5,3,3-4x avg,#f8c471,0.0,0.0,0.0
