latitude,longitude,frp,acq_date,month,state,daynight,confidence
-33.84125,117.55882,0.7,2019-08-13,2019-08,WA,N,n
-29.68522,116.56659,6.0,2019-08-10,2019-08,WA,D,n
-16.58469,124.10675,97.8,2019-08-22,2019-08,WA,D,h
-32.62652,116.92299,0.7,2019-08-15,2019-08,WA,N,n
-14.71594,126.7392,12.9,2019-08-01,2019-08,WA,D,h
-16.82963,123.15228,61.9,2019-08-23,2019-08,WA,N,n
-34.32518,116.98229,14.9,2019-08-12,2019-08,WA,D,n
-16.96839,123.06418,25.6,2019-08-11,2019-08,WA,D,n
-32.72365,116.55486,0.4,2019-08-19,2019-08,WA,N,n
-32.20959,116.05154,20.0,2019-08-28,2019-08,WA,D,n
-34.5638,117.64457,3.2,2019-08-22,2019-08,WA,D,n
-17.98155,126.83292,10.3,2019-08-28,2019-08,WA,D,n
-30.851,116.01893,10.1,2019-08-02,2019-08,WA,D,n
-16.18402,126.11297,93.8,2019-08-07,2019-08,WA,D,n
-17.30683,123.98479,16.0,2019-08-14,2019-08,WA,D,n
-30.60862,117.08704,2.1,2019-08-26,2019-08,WA,D,n
-31.72675,116.04561,2.7,2019-08-17,2019-08,WA,D,n
-17.35051,123.73875,22.0,2019-08-31,2019-08,WA,D,h
-30.22511,115.55733,5.4,2019-08-25,2019-08,WA,D,n
-33.77393,118.69068,3.7,2019-08-26,2019-08,WA,D,n
-33.54642,116.56876,9.0,2019-08-01,2019-08,WA,D,n
-16.20463,125.99247,14.4,2019-08-04,2019-08,WA,D,n
-16.58535,124.11252,51.8,2019-08-22,2019-08,WA,D,h
-16.17248,128.35828,11.1,2019-08-14,2019-08,WA,D,n
-22.23004,119.57064,91.8,2019-08-05,2019-08,WA,D,h
-33.76546,115.41335,2.1,2019-08-01,2019-08,WA,D,n
-33.7368,117.40355,4.0,2019-08-19,2019-08,WA,D,n
-20.52067,118.58442,10.1,2019-08-24,2019-08,WA,D,n
-16.75508,122.85731,41.6,2019-08-10,2019-08,WA,D,n
-33.90645,120.47398,1.9,2019-08-02,2019-08,WA,D,n
-31.74192,116.41078,62.8,2019-08-28,2019-08,WA,D,h
-33.94608,116.77097,44.1,2019-08-27,2019-08,WA,D,n
-32.41095,116.07265,18.2,2019-08-30,2019-08,WA,D,n
-31.1848,117.11018,3.2,2019-08-13,2019-08,WA,D,n
-31.71406,116.2354,6.2,2019-08-21,2019-08,WA,D,n
-24.37291,128.77492,7.4,2019-08-24,2019-08,WA,D,n
-34.93258,117.82374,0.8,2019-08-13,2019-08,WA,N,n
-31.13126,115.82178,12.0,2019-08-02,2019-08,WA,D,n
-30.24779,115.1955,12.0,2019-08-28,2019-08,WA,D,n
-22.00231,119.20821,16.0,2019-08-19,2019-08,WA,D,n
-33.90897,118.4722,1.7,2019-08-21,2019-08,WA,N,n
-33.38719,116.32488,0.3,2019-08-28,2019-08,WA,N,n
-32.55519,117.38499,2.1,2019-08-28,2019-08,WA,D,n
-34.32583,116.97808,14.9,2019-08-12,2019-08,WA,D,n
-31.04177,116.11217,7.4,2019-08-22,2019-08,WA,D,n
-18.77334,126.60563,1.3,2019-08-23,2019-08,WA,N,n
-26.19358,121.31607,5.7,2019-08-04,2019-08,WA,D,n
-31.35716,116.60886,1.6,2019-08-26,2019-08,WA,D,n
-32.39828,117.9595,3.0,2019-08-23,2019-08,WA,D,n
-33.54691,116.50922,12.7,2019-08-24,2019-08,WA,N,n
-14.6194,126.91362,10.2,2019-08-01,2019-08,WA,D,n
-16.27553,126.05672,60.7,2019-08-16,2019-08,WA,D,n
-29.44,115.46133,12.4,2019-08-28,2019-08,WA,D,n
-34.15676,117.01392,4.5,2019-08-13,2019-08,WA,D,n
-31.48284,116.15767,2.1,2019-08-28,2019-08,WA,N,n
-32.76471,118.40795,3.7,2019-08-21,2019-08,WA,D,n
-31.09054,115.69424,126.7,2019-08-03,2019-08,WA,D,n
-29.90623,115.4705,8.0,2019-08-12,2019-08,WA,D,n
-32.59673,116.72179,0.7,2019-08-27,2019-08,WA,N,n
-31.09464,115.70022,126.7,2019-08-03,2019-08,WA,D,n
-33.81639,116.42058,6.6,2019-08-01,2019-08,WA,D,n
-31.50491,115.7618,7.5,2019-08-09,2019-08,WA,D,n
-33.8053,115.82832,3.5,2019-08-20,2019-08,WA,D,n
-30.15282,116.02,0.6,2019-08-28,2019-08,WA,N,n
-34.14495,118.35513,7.4,2019-08-21,2019-08,WA,D,n
-33.76235,116.3718,1.1,2019-08-10,2019-08,WA,N,n
-24.83078,128.90277,5.2,2019-08-03,2019-08,WA,D,n
-34.05306,116.46224,0.7,2019-08-01,2019-08,WA,N,n
-33.18993,116.78178,17.2,2019-08-19,2019-08,WA,D,n
-33.31111,116.8987,6.0,2019-08-05,2019-08,WA,D,n
-34.67609,118.195,7.6,2019-08-27,2019-08,WA,D,n
-33.62561,121.80334,3.2,2019-08-11,2019-08,WA,D,n
-33.82262,117.06346,4.7,2019-08-25,2019-08,WA,N,n
-33.34175,120.88506,11.8,2019-08-01,2019-08,WA,D,h
-33.62894,116.34512,6.1,2019-08-26,2019-08,WA,D,n
-31.03358,115.79984,0.4,2019-08-25,2019-08,WA,N,n
-33.49926,117.54683,0.9,2019-08-10,2019-08,WA,N,n
-33.22459,121.35606,2.8,2019-08-27,2019-08,WA,D,n
-22.00776,119.59739,21.8,2019-08-04,2019-08,WA,D,n
-16.19705,126.18171,20.3,2019-08-16,2019-08,WA,D,n
-31.45467,116.36401,0.7,2019-08-28,2019-08,WA,N,n
-32.82446,116.06809,2.6,2019-08-14,2019-08,WA,N,n
-34.11755,116.72437,3.3,2019-08-12,2019-08,WA,D,n
-21.60627,118.52677,62.4,2019-08-25,2019-08,WA,D,h
-32.81968,121.55577,3.9,2019-08-22,2019-08,WA,D,n
-33.94719,116.76543,44.1,2019-08-27,2019-08,WA,D,n
-23.14459,128.83795,1.7,2019-08-20,2019-08,WA,D,n
-33.29332,116.25315,1.5,2019-08-12,2019-08,WA,D,n
-31.74589,116.40742,62.8,2019-08-28,2019-08,WA,D,n
-32.87318,116.95158,1.2,2019-08-19,2019-08,WA,N,n
-30.16296,115.31344,13.4,2019-08-19,2019-08,WA,D,n
-34.38587,119.02886,3.9,2019-08-01,2019-08,WA,D,n
-14.40298,126.64066,14.5,2019-08-07,2019-08,WA,D,n
-33.26683,121.062,5.4,2019-08-01,2019-08,WA,D,n
-15.49876,128.31833,6.0,2019-08-26,2019-08,WA,D,h
-33.82164,117.05975,2.9,2019-08-25,2019-08,WA,N,n
-31.24613,116.1349,0.7,2019-08-21,2019-08,WA,N,n
-21.10975,119.78936,8.5,2019-08-08,2019-08,WA,D,n
-33.7543,116.38485,0.7,2019-08-04,2019-08,WA,N,n
-17.98092,122.2075,149.9,2019-08-11,2019-08,WA,D,n
-33.85245,115.7486,10.4,2019-08-12,2019-08,WA,D,n
-28.6223,114.95456,4.7,2019-08-02,2019-08,WA,D,n
-14.38264,126.65109,20.9,2019-08-09,2019-08,WA,D,n
-33.7483,117.1629,0.7,2019-08-04,2019-08,WA,N,n
-18.76337,126.58649,55.8,2019-08-24,2019-08,WA,D,n
-34.02771,117.24828,0.7,2019-08-21,2019-08,WA,N,n
-29.44333,115.462,12.4,2019-08-28,2019-08,WA,D,n
-33.06921,116.74883,8.0,2019-08-20,2019-08,WA,D,n
-22.938,128.19125,6.6,2019-08-01,2019-08,WA,D,h
-32.31779,118.90467,6.0,2019-08-23,2019-08,WA,D,n
-15.52979,127.8376,78.0,2019-08-17,2019-08,WA,D,n
-31.61797,116.30793,1.4,2019-08-20,2019-08,WA,N,n
-24.83894,128.83743,2.8,2019-08-02,2019-08,WA,D,n
-22.26459,124.89747,21.0,2019-08-01,2019-08,WA,D,n
-29.20514,114.91975,1.8,2019-08-28,2019-08,WA,D,n
-16.04989,125.90033,22.2,2019-08-02,2019-08,WA,D,h
-32.38032,115.86179,3.9,2019-08-20,2019-08,WA,D,n
-30.22531,115.55988,5.1,2019-08-25,2019-08,WA,D,n
-22.02342,119.30382,18.1,2019-08-24,2019-08,WA,D,n
-34.21787,116.70232,0.8,2019-08-01,2019-08,WA,N,n
-20.52162,118.98599,67.7,2019-08-17,2019-08,WA,D,n
-33.55069,116.50819,12.7,2019-08-24,2019-08,WA,N,n
-32.6621,117.1217,0.5,2019-08-31,2019-08,WA,N,n
-23.34536,119.71011,0.3,2019-08-01,2019-08,WA,N,n
-32.08308,118.89812,2.1,2019-08-28,2019-08,WA,D,n
-31.84125,118.73844,2.4,2019-08-21,2019-08,WA,D,n
-28.98552,114.82162,3.3,2019-08-10,2019-08,WA,D,n
-22.2368,119.57226,91.8,2019-08-05,2019-08,WA,D,h
-16.19772,126.17653,20.3,2019-08-16,2019-08,WA,D,n
-33.22423,121.35812,8.1,2019-08-27,2019-08,WA,D,n
-31.27618,115.84326,48.2,2019-08-01,2019-08,WA,D,n
-31.82598,118.74582,2.4,2019-08-22,2019-08,WA,D,n
-31.86313,117.12093,1.2,2019-08-28,2019-08,WA,N,n
-16.03419,125.88861,14.6,2019-08-02,2019-08,WA,D,h
-16.9389,128.1815,27.4,2019-08-31,2019-08,WA,D,n
-28.97286,115.3923,5.6,2019-08-27,2019-08,WA,D,n
-15.77373,128.29268,0.7,2019-08-07,2019-08,WA,N,n
-32.49803,116.09068,17.2,2019-08-26,2019-08,WA,D,h
-29.84654,116.54931,5.3,2019-08-19,2019-08,WA,D,n
-33.65032,116.44958,0.7,2019-08-01,2019-08,WA,N,n
-33.67076,121.53552,2.7,2019-08-21,2019-08,WA,D,n
-32.21175,116.73306,4.4,2019-08-27,2019-08,WA,D,n
-32.80435,116.96786,2.5,2019-08-12,2019-08,WA,D,n
-34.68099,118.19878,5.7,2019-08-21,2019-08,WA,N,n
-32.36664,116.63597,1.0,2019-08-01,2019-08,WA,N,n
-21.26618,118.27167,14.2,2019-08-10,2019-08,WA,D,h
-30.48436,116.9234,3.0,2019-08-03,2019-08,WA,D,n
-21.8674,119.45972,102.3,2019-08-25,2019-08,WA,D,h
-30.61879,115.66737,3.3,2019-08-18,2019-08,WA,N,n
-30.76981,116.04647,13.4,2019-08-28,2019-08,WA,D,n
-33.31583,120.94928,32.7,2019-08-01,2019-08,WA,D,n
-33.50139,118.08139,5.9,2019-08-12,2019-08,WA,D,n
-32.89867,118.01168,0.9,2019-08-03,2019-08,WA,N,n
-15.49762,127.79311,11.7,2019-08-18,2019-08,WA,D,h
-34.13523,116.90135,26.1,2019-08-26,2019-08,WA,D,h
-33.88081,116.00572,5.2,2019-08-01,2019-08,WA,D,n
-16.79586,122.71986,4.5,2019-08-09,2019-08,WA,D,n
-33.9691,122.13277,8.1,2019-08-26,2019-08,WA,D,n
-34.56786,118.52773,58.5,2019-08-01,2019-08,WA,D,n
-31.42191,115.71988,11.3,2019-08-21,2019-08,WA,D,n
-31.04206,116.10912,5.8,2019-08-22,2019-08,WA,D,n
-16.80048,122.72794,7.7,2019-08-10,2019-08,WA,D,n
-17.87454,123.69066,1.4,2019-08-14,2019-08,WA,N,n
-29.53829,116.5378,4.0,2019-08-28,2019-08,WA,D,n
-16.06964,125.84626,15.3,2019-08-02,2019-08,WA,D,n
-28.83555,115.02473,30.9,2019-08-21,2019-08,WA,D,n
-33.85563,117.16734,21.2,2019-08-20,2019-08,WA,D,h
-28.61866,114.9027,4.4,2019-08-29,2019-08,WA,D,n
-30.20121,115.02721,4.8,2019-08-21,2019-08,WA,D,n
-16.64137,128.72964,1.4,2019-08-21,2019-08,WA,N,n
-33.81838,116.42374,6.5,2019-08-01,2019-08,WA,N,n
-34.40926,119.08084,4.1,2019-08-01,2019-08,WA,D,n
-32.57533,116.43436,9.4,2019-08-22,2019-08,WA,D,n
-30.48861,116.92401,3.0,2019-08-03,2019-08,WA,D,n
-18.23366,124.82346,4.8,2019-08-23,2019-08,WA,D,n
-30.63807,115.99855,0.7,2019-08-10,2019-08,WA,N,n
-29.90655,115.48828,8.3,2019-08-09,2019-08,WA,D,n
-23.44109,115.15599,4.1,2019-08-12,2019-08,WA,D,n
-33.46207,117.73317,2.3,2019-08-11,2019-08,WA,N,n
-31.54561,116.03743,2.8,2019-08-28,2019-08,WA,D,n
-32.4719,115.93297,13.5,2019-08-02,2019-08,WA,D,n
-16.96822,128.1474,27.6,2019-08-31,2019-08,WA,D,n
-31.72575,115.97481,2.9,2019-08-27,2019-08,WA,D,n
-34.62658,116.10201,3.6,2019-08-12,2019-08,WA,D,n
-29.21576,114.92857,1.7,2019-08-01,2019-08,WA,D,n
-26.1011,120.79427,1.1,2019-08-08,2019-08,WA,N,n
-29.79255,115.48743,1.3,2019-08-26,2019-08,WA,D,n
-15.42963,128.83946,13.3,2019-08-28,2019-08,WA,D,n
-31.25254,116.43031,11.9,2019-08-21,2019-08,WA,D,n
-33.8513,117.16705,16.7,2019-08-20,2019-08,WA,D,h
-21.1246,116.77612,5.9,2019-08-23,2019-08,WA,D,n
-23.69478,114.81146,11.6,2019-08-20,2019-08,WA,D,h
-16.50936,124.04565,12.8,2019-08-24,2019-08,WA,D,n
-26.10185,120.79855,1.1,2019-08-08,2019-08,WA,N,n
-31.9176,119.32929,2.5,2019-08-08,2019-08,WA,N,n
-17.31031,123.9854,16.0,2019-08-14,2019-08,WA,D,n
-34.21737,116.7057,7.0,2019-08-01,2019-08,WA,D,n
-33.07436,117.08009,2.8,2019-08-15,2019-08,WA,N,n
-17.98263,122.20026,149.9,2019-08-11,2019-08,WA,D,n
-33.04132,115.73504,0.8,2019-08-03,2019-08,WA,N,n
-29.73498,127.0584,9.0,2019-08-27,2019-08,WA,D,n
-33.44899,117.42812,5.6,2019-08-17,2019-08,WA,D,n
-33.84489,116.14516,1.3,2019-08-28,2019-08,WA,N,n
-29.49806,127.06397,1.7,2019-08-23,2019-08,WA,N,n
-33.79471,120.79009,85.1,2019-08-01,2019-08,WA,D,n
-29.8858,115.74295,4.4,2019-08-26,2019-08,WA,D,n
-33.86634,115.2294,0.4,2019-08-28,2019-08,WA,N,n
-17.74353,124.02937,55.5,2019-08-22,2019-08,WA,D,h
-23.57248,114.61034,29.2,2019-08-21,2019-08,WA,D,h
-32.91927,116.1163,5.6,2019-08-28,2019-08,WA,D,n
-34.39776,116.25657,0.8,2019-08-01,2019-08,WA,N,n
-31.07547,121.42734,19.7,2019-08-03,2019-08,WA,D,n
-18.74556,126.60207,3.7,2019-08-26,2019-08,WA,D,n
-33.75346,117.93301,4.1,2019-08-28,2019-08,WA,D,n
-17.0101,122.65185,10.3,2019-08-21,2019-08,WA,D,n
-33.65185,121.75578,0.9,2019-08-19,2019-08,WA,N,n
-18.7597,126.58029,28.7,2019-08-24,2019-08,WA,D,n
-20.78728,119.42824,39.4,2019-08-01,2019-08,WA,D,n
-34.29354,117.00696,2.0,2019-08-09,2019-08,WA,N,n
-34.99131,117.80417,0.6,2019-08-01,2019-08,WA,N,n
-14.65923,126.76904,89.2,2019-08-25,2019-08,WA,D,h
-20.57235,127.22756,1.9,2019-08-11,2019-08,WA,N,n
-16.56846,124.20287,42.7,2019-08-26,2019-08,WA,D,n
-21.26712,120.17835,104.4,2019-08-02,2019-08,WA,D,n
-20.25728,127.79751,5.3,2019-08-18,2019-08,WA,D,n
-31.13187,115.81712,5.4,2019-08-02,2019-08,WA,D,n
-34.3973,118.74817,4.1,2019-08-21,2019-08,WA,D,n
-33.91866,117.32697,0.6,2019-08-25,2019-08,WA,N,n
-33.65365,121.75388,8.8,2019-08-19,2019-08,WA,D,n
-21.02512,119.85803,2.5,2019-08-03,2019-08,WA,D,n
-32.27892,115.9901,3.7,2019-08-21,2019-08,WA,D,n
-33.77081,118.69234,5.2,2019-08-26,2019-08,WA,D,n
-33.11818,116.99474,1.1,2019-08-02,2019-08,WA,N,n
-22.265,124.89222,21.0,2019-08-01,2019-08,WA,D,h
-31.46554,116.1571,0.6,2019-08-28,2019-08,WA,N,n
-34.47858,117.15866,1.0,2019-08-31,2019-08,WA,N,n
-16.50864,124.04957,30.3,2019-08-24,2019-08,WA,D,n
-15.55942,127.79099,62.9,2019-08-16,2019-08,WA,D,h
-33.43559,115.83269,3.3,2019-08-12,2019-08,WA,D,n
-30.20454,115.0334,39.8,2019-08-21,2019-08,WA,D,n
-15.44913,126.81756,85.8,2019-09-28,2019-09,WA,D,h
-31.38127,115.64837,49.7,2019-09-27,2019-09,WA,D,h
-34.04324,116.06864,11.1,2019-09-17,2019-09,WA,D,n
-31.09426,115.97704,23.7,2019-09-14,2019-09,WA,D,n
-33.77694,122.49302,5.0,2019-09-12,2019-09,WA,D,n
-30.19668,117.36147,7.3,2019-09-22,2019-09,WA,D,n
-31.52614,115.6589,3.1,2019-09-22,2019-09,WA,D,n
-30.39481,115.50977,38.5,2019-09-09,2019-09,WA,D,h
-31.2768,116.13013,1.4,2019-09-27,2019-09,WA,N,n
-15.84648,128.80084,27.7,2019-09-12,2019-09,WA,D,h
-20.24842,127.94881,0.7,2019-09-12,2019-09,WA,N,n
-32.98463,116.14395,4.2,2019-09-24,2019-09,WA,D,n
-31.68719,116.18041,10.8,2019-09-27,2019-09,WA,D,n
-22.82051,127.46764,15.6,2019-09-22,2019-09,WA,N,n
-33.62918,120.67547,4.7,2019-09-23,2019-09,WA,N,n
-31.7302,116.04441,3.5,2019-09-07,2019-09,WA,D,n
-32.85481,116.42777,21.3,2019-09-25,2019-09,WA,D,n
-34.05173,117.20453,9.0,2019-09-10,2019-09,WA,D,n
-32.92993,116.47037,17.0,2019-09-12,2019-09,WA,D,n
-32.08175,116.89508,2.0,2019-09-19,2019-09,WA,D,n
-21.01015,118.32293,1.8,2019-09-30,2019-09,WA,N,n
-33.94478,117.66138,0.7,2019-09-11,2019-09,WA,N,n
-29.33191,115.03604,1.8,2019-09-17,2019-09,WA,D,n
-29.97617,116.05554,7.5,2019-09-21,2019-09,WA,D,n
-21.40409,118.84709,1.6,2019-09-23,2019-09,WA,N,n
-34.052,117.20066,9.0,2019-09-10,2019-09,WA,D,n
-33.71677,116.6451,2.4,2019-09-06,2019-09,WA,D,n
-22.79184,127.688,1.6,2019-09-22,2019-09,WA,N,n
-31.64767,116.32494,4.2,2019-09-24,2019-09,WA,D,n
-17.06288,128.16635,15.4,2019-09-02,2019-09,WA,D,n
-16.48662,123.86974,35.4,2019-09-30,2019-09,WA,D,n
-31.49119,117.07063,3.6,2019-09-10,2019-09,WA,D,n
-32.20553,121.77332,3.1,2019-09-12,2019-09,WA,D,n
-33.94782,117.66046,0.8,2019-09-11,2019-09,WA,N,n
-15.54965,128.25143,1.7,2019-09-09,2019-09,WA,N,n
-31.27337,116.12737,2.2,2019-09-27,2019-09,WA,N,n
-33.50545,115.60187,0.6,2019-09-08,2019-09,WA,N,n
-33.76985,116.99797,5.3,2019-09-07,2019-09,WA,N,n
-14.35355,126.99409,47.5,2019-09-28,2019-09,WA,D,n
-27.946,123.26678,92.9,2019-09-10,2019-09,WA,D,h
-33.91635,118.08606,6.2,2019-09-22,2019-09,WA,D,n
-14.48673,126.90051,11.3,2019-09-12,2019-09,WA,N,n
-34.79857,117.62924,14.1,2019-09-08,2019-09,WA,D,n
-21.41365,119.53943,0.3,2019-09-02,2019-09,WA,N,n
-15.52831,126.79984,121.6,2019-09-29,2019-09,WA,D,n
-33.39861,115.64241,0.8,2019-09-29,2019-09,WA,N,n
-15.54561,128.24808,4.4,2019-09-09,2019-09,WA,N,n
-14.19025,126.55846,32.2,2019-09-25,2019-09,WA,N,n
-34.4545,117.74262,3.8,2019-09-11,2019-09,WA,D,n
-33.31775,122.94221,139.2,2019-09-25,2019-09,WA,D,h
-33.12057,116.72881,0.6,2019-09-18,2019-09,WA,N,n
-14.79322,126.49284,29.8,2019-09-12,2019-09,WA,D,n
-31.53156,116.18745,3.8,2019-09-07,2019-09,WA,D,n
-16.50507,124.21769,8.8,2019-09-30,2019-09,WA,D,n
-31.92929,116.40088,1.0,2019-09-09,2019-09,WA,N,n
-28.79923,115.04126,4.5,2019-09-16,2019-09,WA,D,n
-33.65262,116.50729,0.5,2019-09-04,2019-09,WA,N,n
-33.72836,121.50013,87.2,2019-09-11,2019-09,WA,D,n
-28.5203,115.06471,1.7,2019-09-11,2019-09,WA,D,n
-34.83859,117.88957,3.5,2019-09-29,2019-09,WA,D,n
-15.72051,128.71545,5.4,2019-09-06,2019-09,WA,D,n
-33.98327,118.92554,0.6,2019-09-20,2019-09,WA,N,n
-17.03455,125.13292,46.2,2019-09-10,2019-09,WA,D,n
-16.63194,127.67313,41.3,2019-09-28,2019-09,WA,D,h
-31.74883,116.42488,7.8,2019-09-10,2019-09,WA,D,n
-14.77402,126.51276,119.9,2019-09-13,2019-09,WA,D,h
-33.3688,116.87778,0.5,2019-09-04,2019-09,WA,N,n
-29.2326,116.02284,2.1,2019-09-05,2019-09,WA,D,n
-30.2267,115.55894,4.3,2019-09-08,2019-09,WA,D,n
-30.32728,117.94707,5.1,2019-09-09,2019-09,WA,D,n
-34.00507,117.09384,1.5,2019-09-12,2019-09,WA,N,n
-31.01583,116.09031,0.4,2019-09-24,2019-09,WA,N,n
-33.6301,122.84546,1.7,2019-09-22,2019-09,WA,N,n
-16.5372,122.86362,80.0,2019-09-10,2019-09,WA,D,h
-34.13929,118.15236,2.1,2019-09-21,2019-09,WA,N,n
-32.14604,116.09926,18.1,2019-09-29,2019-09,WA,D,n
-34.48084,117.16117,2.3,2019-09-20,2019-09,WA,N,n
-33.93387,116.79488,23.1,2019-09-07,2019-09,WA,D,n
-33.59098,117.50797,0.5,2019-09-21,2019-09,WA,N,n
-22.90585,122.20078,365.5,2019-09-27,2019-09,WA,D,h
-34.28501,118.7324,2.1,2019-09-29,2019-09,WA,D,n
-33.93032,116.79395,23.1,2019-09-07,2019-09,WA,D,n
-30.18621,117.35223,10.5,2019-09-20,2019-09,WA,D,n
-28.30088,128.48351,163.0,2019-09-30,2019-09,WA,D,h
-14.383,126.67387,101.2,2019-09-10,2019-09,WA,D,h
-33.73037,121.49065,153.2,2019-09-12,2019-09,WA,D,n
-15.43527,128.17845,1.5,2019-09-07,2019-09,WA,N,n
-30.77465,115.78696,2.8,2019-09-12,2019-09,WA,N,n
-30.28028,115.22302,2.5,2019-09-15,2019-09,WA,D,n
-33.60611,115.64936,28.5,2019-09-17,2019-09,WA,D,n
-33.92619,116.14746,5.3,2019-09-24,2019-09,WA,D,n
-17.07991,125.265,16.5,2019-09-06,2019-09,WA,D,n
-34.06723,116.7009,1.3,2019-09-29,2019-09,WA,N,n
-17.84862,122.46943,2.5,2019-09-06,2019-09,WA,N,n
-30.45761,115.28929,2.9,2019-09-05,2019-09,WA,D,n
-34.38076,119.30017,3.9,2019-09-24,2019-09,WA,D,n
-21.69664,114.99721,4.2,2019-09-30,2019-09,WA,N,n
-16.82527,122.91856,34.5,2019-09-09,2019-09,WA,D,n
-34.93242,118.06076,0.8,2019-09-10,2019-09,WA,N,n
-21.71199,119.15595,39.9,2019-09-03,2019-09,WA,D,h
-25.94985,128.33662,14.7,2019-09-19,2019-09,WA,D,n
-18.07992,124.14929,8.2,2019-09-19,2019-09,WA,D,n
-33.68677,121.86978,3.9,2019-09-12,2019-09,WA,D,n
-17.76223,122.27731,11.4,2019-09-15,2019-09,WA,D,n
-30.39075,115.50786,28.9,2019-09-09,2019-09,WA,D,n
-27.92719,123.19059,104.7,2019-09-12,2019-09,WA,D,n
-32.90883,115.78892,2.6,2019-09-03,2019-09,WA,D,n
-33.89361,115.6641,36.7,2019-09-28,2019-09,WA,D,n
-33.31711,122.94637,230.6,2019-09-25,2019-09,WA,D,h
-31.53118,116.19082,3.8,2019-09-07,2019-09,WA,D,n
-32.35947,116.10014,40.3,2019-09-30,2019-09,WA,D,n
-15.84957,128.80594,16.5,2019-09-12,2019-09,WA,D,n
-21.2861,123.16676,8.8,2019-09-22,2019-09,WA,N,h
-17.08373,125.26567,29.3,2019-09-06,2019-09,WA,D,n
-34.31296,117.00874,1.3,2019-09-15,2019-09,WA,N,n
-20.24987,127.94756,0.8,2019-09-12,2019-09,WA,N,n
-33.66675,115.30601,0.5,2019-09-19,2019-09,WA,N,n
-32.58525,116.46561,29.6,2019-09-08,2019-09,WA,D,n
-34.05611,117.36739,2.6,2019-09-10,2019-09,WA,D,n
-32.99947,116.55968,8.6,2019-09-24,2019-09,WA,D,n
-33.46022,116.74776,6.2,2019-09-06,2019-09,WA,D,n
-31.63128,116.36274,3.5,2019-09-06,2019-09,WA,D,n
-16.81674,122.93307,19.9,2019-09-10,2019-09,WA,D,h
-30.1462,117.82079,2.5,2019-09-05,2019-09,WA,D,n
-21.07866,117.1372,26.4,2019-09-22,2019-09,WA,D,n
-33.7319,121.48416,149.5,2019-09-12,2019-09,WA,D,h
-34.57456,118.32804,6.3,2019-09-09,2019-09,WA,D,n
-33.417,117.41053,5.8,2019-09-10,2019-09,WA,D,n
-31.38395,115.81356,56.6,2019-09-27,2019-09,WA,D,h
-32.99468,118.17809,2.6,2019-09-27,2019-09,WA,D,n
-30.90175,116.32201,2.7,2019-09-10,2019-09,WA,D,n
-33.60429,115.6435,1.7,2019-09-07,2019-09,WA,N,n
-33.77889,115.26284,2.7,2019-09-06,2019-09,WA,D,n
-34.05724,116.88597,1.5,2019-09-20,2019-09,WA,N,n
-32.90916,116.12836,4.2,2019-09-06,2019-09,WA,D,n
-17.85425,122.46789,1.7,2019-09-06,2019-09,WA,N,n
-27.60205,126.13172,6.8,2019-09-29,2019-09,WA,D,n
-21.26299,123.57433,5.7,2019-09-22,2019-09,WA,N,n
-32.76628,116.89004,3.9,2019-09-09,2019-09,WA,D,n
-34.5459,117.4931,0.8,2019-09-17,2019-09,WA,N,n
-21.61487,119.36848,54.3,2019-09-14,2019-09,WA,D,h
-32.37095,116.10199,24.9,2019-09-30,2019-09,WA,D,n
-21.1144,118.81438,46.9,2019-09-09,2019-09,WA,D,n
-28.89324,115.50523,0.7,2019-09-09,2019-09,WA,N,n
-34.11085,119.02281,2.9,2019-09-08,2019-09,WA,D,n
-31.09364,115.98231,23.7,2019-09-14,2019-09,WA,D,n
-29.36565,126.36382,11.3,2019-09-22,2019-09,WA,D,n
-34.36562,117.26791,2.9,2019-09-17,2019-09,WA,D,n
-31.07664,115.64355,174.3,2019-09-30,2019-09,WA,D,n
-32.93359,116.04808,8.1,2019-09-04,2019-09,WA,D,n
-23.43043,114.20526,67.9,2019-09-10,2019-09,WA,D,n
-31.13573,115.94605,170.0,2019-09-15,2019-09,WA,D,n
-28.26838,128.39557,88.3,2019-09-29,2019-09,WA,D,n
-32.9057,119.28709,4.8,2019-09-05,2019-09,WA,N,n
-30.06047,114.98109,5.8,2019-09-12,2019-09,WA,D,n
-30.76438,116.05942,1.1,2019-09-05,2019-09,WA,N,n
-33.19899,121.4225,0.7,2019-09-24,2019-09,WA,N,n
-32.61964,117.00327,10.1,2019-09-05,2019-09,WA,D,n
-20.19251,127.96416,0.2,2019-09-09,2019-09,WA,N,n
-30.24918,115.4385,7.3,2019-09-09,2019-09,WA,D,n
-17.11945,125.21212,44.9,2019-09-09,2019-09,WA,D,n
-25.59889,127.42073,5.6,2019-09-10,2019-09,WA,D,n
-32.84678,115.83659,0.5,2019-09-08,2019-09,WA,N,n
-33.37859,115.94417,10.2,2019-09-27,2019-09,WA,D,n
-15.52396,126.80296,89.1,2019-09-29,2019-09,WA,D,n
-33.52553,120.74722,2.6,2019-09-10,2019-09,WA,D,n
-31.79179,116.1255,36.0,2019-09-28,2019-09,WA,D,n
-16.65161,124.80768,27.7,2019-09-30,2019-09,WA,D,h
-28.26986,128.38992,88.3,2019-09-29,2019-09,WA,D,n
-30.64617,115.79329,5.3,2019-09-09,2019-09,WA,D,n
-16.50415,124.10706,38.3,2019-09-20,2019-09,WA,D,h
-21.35459,118.96449,4.7,2019-09-27,2019-09,WA,D,n
-33.75165,122.60558,5.5,2019-09-02,2019-09,WA,D,n
-33.62789,115.86285,32.7,2019-09-27,2019-09,WA,D,n
-16.50609,124.20126,1.8,2019-09-29,2019-09,WA,N,n
-32.33451,117.55481,0.5,2019-09-08,2019-09,WA,N,n
-28.38379,124.33254,15.3,2019-09-29,2019-09,WA,D,n
-33.7762,117.06706,0.4,2019-09-28,2019-09,WA,N,n
-34.7387,117.3103,0.5,2019-09-24,2019-09,WA,N,n
-33.87012,116.79353,6.6,2019-09-30,2019-09,WA,N,n
-20.34349,118.94321,61.0,2019-09-06,2019-09,WA,D,n
-29.71327,116.55769,0.5,2019-09-21,2019-09,WA,N,n
-20.26239,127.92129,1.2,2019-09-12,2019-09,WA,N,n
-29.96168,115.93641,8.0,2019-09-21,2019-09,WA,D,n
-22.81937,127.46224,15.6,2019-09-22,2019-09,WA,N,n
-14.54124,126.59409,7.3,2019-09-06,2019-09,WA,D,n
-33.71888,122.19891,4.4,2019-09-09,2019-09,WA,D,n
-32.38234,116.09845,39.5,2019-09-28,2019-09,WA,D,n
-34.27953,118.74442,13.9,2019-09-06,2019-09,WA,D,n
-34.24097,117.34101,1.6,2019-09-08,2019-09,WA,D,n
-33.92899,117.08346,1.2,2019-09-05,2019-09,WA,N,n
-33.38761,115.96757,6.5,2019-09-24,2019-09,WA,D,n
-21.46185,119.22485,1.1,2019-09-24,2019-09,WA,N,n
-16.67142,124.79781,1.6,2019-09-30,2019-09,WA,N,n
-33.92962,116.14812,4.8,2019-09-24,2019-09,WA,D,n
-34.79919,117.625,3.6,2019-09-08,2019-09,WA,D,n
-32.82975,117.42837,2.3,2019-09-07,2019-09,WA,D,n
-17.31698,123.66119,4.1,2019-09-12,2019-09,WA,D,n
-25.95347,128.34601,42.9,2019-09-19,2019-09,WA,D,n
-32.21067,121.77486,5.6,2019-09-12,2019-09,WA,D,n
-25.98607,125.3789,56.5,2019-09-11,2019-09,WA,D,n
-28.9538,127.05237,21.9,2019-09-29,2019-09,WA,D,h
-16.65266,127.65369,6.1,2019-09-29,2019-09,WA,D,n
-28.89437,115.50713,0.7,2019-09-09,2019-09,WA,N,n
-33.40736,118.80461,2.2,2019-09-05,2019-09,WA,D,n
-27.03139,126.3801,71.1,2019-09-01,2019-09,WA,D,n
-28.12701,114.52439,13.1,2019-09-06,2019-09,WA,D,n
-33.87924,115.63923,38.5,2019-09-28,2019-09,WA,D,n
-27.59988,126.13592,4.4,2019-09-29,2019-09,WA,D,n
-30.44644,115.83689,0.9,2019-09-19,2019-09,WA,N,n
-26.76532,125.71609,0.5,2019-09-01,2019-09,WA,N,n
-33.91362,118.08929,5.9,2019-09-22,2019-09,WA,D,n
-34.64632,118.12296,25.4,2019-09-17,2019-09,WA,D,n
-34.71363,118.21371,1.5,2019-09-24,2019-09,WA,N,n
-26.16552,125.47427,16.2,2019-09-01,2019-09,WA,D,n
-20.66636,119.53896,8.2,2019-09-02,2019-09,WA,D,n
-20.26659,127.92123,0.6,2019-09-12,2019-09,WA,N,n
-31.99031,118.64737,9.1,2019-09-11,2019-09,WA,D,h
-31.37813,116.62152,4.1,2019-09-10,2019-09,WA,D,n
-30.71399,115.72526,3.7,2019-09-13,2019-09,WA,D,n
-33.71006,121.86316,1.0,2019-09-06,2019-09,WA,N,n
-31.01415,116.08864,0.6,2019-09-09,2019-09,WA,N,n
-34.47318,117.86935,24.5,2019-09-10,2019-09,WA,D,n
-18.41608,127.71495,13.0,2019-09-02,2019-09,WA,D,n
-32.46673,116.99972,3.6,2019-09-08,2019-09,WA,D,n
-34.70856,117.53884,5.2,2019-09-25,2019-09,WA,D,n
-34.64743,118.11796,48.5,2019-09-17,2019-09,WA,D,n
-31.61208,116.47723,0.5,2019-09-28,2019-09,WA,N,n
-32.81396,115.9706,37.0,2019-09-24,2019-09,WA,D,n
-29.0372,115.02522,7.7,2019-09-13,2019-09,WA,D,n
-14.47424,126.79233,45.5,2019-09-05,2019-09,WA,D,h
-21.11367,118.79559,34.8,2019-09-10,2019-09,WA,D,n
-33.88194,115.64514,8.6,2019-09-28,2019-09,WA,D,h
-16.68258,127.64301,12.4,2019-09-30,2019-09,WA,D,n
-32.6194,117.00146,8.0,2019-09-05,2019-09,WA,D,n
-21.06123,120.32512,40.5,2019-09-06,2019-09,WA,D,n
-30.28232,115.11796,79.0,2019-09-13,2019-09,WA,D,h
-32.90846,115.7912,4.1,2019-09-03,2019-09,WA,D,n
-33.00417,116.5392,1.5,2019-09-10,2019-09,WA,D,n
-31.43671,116.12897,0.3,2019-09-13,2019-09,WA,N,n
-26.26994,124.42551,70.9,2019-10-23,2019-10,WA,D,h
-23.37578,118.23248,65.3,2019-10-20,2019-10,WA,D,n
-21.09819,120.22921,78.6,2019-10-27,2019-10,WA,D,h
-22.73851,127.08351,95.2,2019-10-16,2019-10,WA,D,n
-14.9322,127.0509,5.8,2019-10-30,2019-10,WA,D,n
-22.04092,116.37631,28.9,2019-10-23,2019-10,WA,N,h
-15.55098,126.89864,26.4,2019-10-19,2019-10,WA,N,h
-15.54466,127.04913,87.0,2019-10-25,2019-10,WA,D,n
-14.22428,126.88736,99.0,2019-10-03,2019-10,WA,D,h
-15.99614,125.16138,83.5,2019-10-30,2019-10,WA,D,n
-14.91861,127.03086,78.4,2019-10-30,2019-10,WA,D,h
-22.94574,122.51989,2.3,2019-10-11,2019-10,WA,N,n
-21.78994,123.6447,153.2,2019-10-26,2019-10,WA,D,h
-31.87732,116.26442,30.6,2019-10-15,2019-10,WA,D,n
-28.03725,123.16951,8.6,2019-10-18,2019-10,WA,D,h
-25.98134,123.00504,9.0,2019-10-22,2019-10,WA,D,n
-28.47157,127.8067,1.9,2019-10-31,2019-10,WA,N,n
-24.78129,120.87492,4.5,2019-10-21,2019-10,WA,N,n
-16.16824,125.5046,72.8,2019-10-28,2019-10,WA,D,n
-16.49014,128.19019,10.0,2019-10-04,2019-10,WA,D,n
-33.87207,116.79098,3.9,2019-10-01,2019-10,WA,D,n
-33.63739,121.81837,2.5,2019-10-23,2019-10,WA,D,n
-25.02159,123.47538,23.7,2019-10-22,2019-10,WA,D,n
-27.7327,127.29683,109.1,2019-10-13,2019-10,WA,D,n
-23.76928,127.19625,30.8,2019-10-25,2019-10,WA,D,h
-15.57975,126.59301,117.6,2019-10-04,2019-10,WA,D,h
-17.68471,122.35522,13.2,2019-10-28,2019-10,WA,D,n
-27.96993,127.84248,1.0,2019-10-22,2019-10,WA,N,n
-15.2862,126.69945,44.2,2019-10-08,2019-10,WA,D,h
-20.40475,128.78485,9.2,2019-10-11,2019-10,WA,D,h
-21.60834,125.32168,78.9,2019-10-23,2019-10,WA,D,n
-21.41981,119.53974,16.5,2019-10-21,2019-10,WA,D,h
-33.751,115.64393,16.0,2019-10-25,2019-10,WA,D,n
-28.6746,122.69898,58.8,2019-10-18,2019-10,WA,D,h
-31.72126,117.22777,0.3,2019-10-31,2019-10,WA,N,n
-21.99293,116.46712,320.9,2019-10-24,2019-10,WA,D,h
-20.40404,128.78819,9.2,2019-10-11,2019-10,WA,D,h
-33.35273,116.22947,9.7,2019-10-17,2019-10,WA,D,n
-28.63585,122.92009,184.0,2019-10-14,2019-10,WA,D,h
-14.09803,127.01292,14.3,2019-10-22,2019-10,WA,D,n
-27.73992,127.30044,70.3,2019-10-13,2019-10,WA,D,n
-21.19394,120.29422,0.9,2019-10-22,2019-10,WA,N,n
-21.32304,118.47106,2.1,2019-10-30,2019-10,WA,N,n
-15.76811,126.82655,199.4,2019-10-08,2019-10,WA,D,h
-15.53425,127.04943,151.4,2019-10-25,2019-10,WA,D,n
-32.92323,116.01408,0.5,2019-10-15,2019-10,WA,N,n
-33.32237,122.87808,16.1,2019-10-01,2019-10,WA,D,n
-34.38361,119.29262,3.3,2019-10-08,2019-10,WA,D,n
-19.67608,121.42017,4.4,2019-10-24,2019-10,WA,D,n
-23.41444,123.98302,1.7,2019-10-29,2019-10,WA,N,n
-31.44286,124.06272,522.3,2019-10-30,2019-10,WA,D,h
-24.96578,128.25252,1.6,2019-10-21,2019-10,WA,N,n
-27.76091,127.28006,64.2,2019-10-13,2019-10,WA,D,n
-31.34992,123.75901,85.6,2019-10-30,2019-10,WA,D,h
-22.0426,117.21372,6.1,2019-10-21,2019-10,WA,N,n
-17.28702,123.74602,36.6,2019-10-28,2019-10,WA,D,n
-15.96065,126.65552,115.4,2019-10-19,2019-10,WA,D,h
-21.59318,117.93566,78.6,2019-10-23,2019-10,WA,D,n
-25.94777,122.97741,16.3,2019-10-25,2019-10,WA,D,n
-16.53827,128.20709,12.1,2019-10-06,2019-10,WA,D,n
-26.00598,119.22488,39.7,2019-10-26,2019-10,WA,D,n
-14.25989,126.83199,72.1,2019-10-03,2019-10,WA,D,n
-21.28884,118.27803,44.0,2019-10-08,2019-10,WA,D,h
-28.76688,126.43764,33.8,2019-10-28,2019-10,WA,D,h
-17.24549,123.76129,68.3,2019-10-27,2019-10,WA,D,n
-18.1232,123.19769,1.6,2019-10-27,2019-10,WA,N,n
-16.56537,124.78078,128.7,2019-10-03,2019-10,WA,D,n
-25.46368,128.81248,7.1,2019-10-07,2019-10,WA,D,n
-23.79971,128.15657,0.5,2019-10-27,2019-10,WA,N,n
-17.70549,122.37746,24.7,2019-10-28,2019-10,WA,D,n
-23.01358,114.14116,18.9,2019-10-14,2019-10,WA,D,n
-15.40524,126.92855,133.5,2019-10-03,2019-10,WA,D,n
-22.4098,126.40844,7.2,2019-10-28,2019-10,WA,D,n
-27.82609,127.04175,39.3,2019-10-26,2019-10,WA,D,h
-32.85178,116.42162,23.1,2019-10-01,2019-10,WA,D,n
-22.80167,118.96914,21.3,2019-10-27,2019-10,WA,D,n
-14.22685,127.13628,55.5,2019-10-22,2019-10,WA,D,n
-15.85301,126.4467,79.4,2019-10-11,2019-10,WA,D,h
-16.53223,128.21184,12.9,2019-10-06,2019-10,WA,D,n
-15.85763,125.37371,123.7,2019-10-26,2019-10,WA,D,h
-29.17376,125.62659,104.4,2019-10-23,2019-10,WA,D,n
-22.07467,119.47056,17.1,2019-10-22,2019-10,WA,D,n
-32.94865,115.84937,5.0,2019-10-10,2019-10,WA,D,n
-33.77115,122.04992,6.3,2019-10-01,2019-10,WA,D,n
-20.93589,118.35208,14.6,2019-10-02,2019-10,WA,D,n
-28.34951,128.85019,14.0,2019-10-13,2019-10,WA,D,n
-21.05892,116.67223,1.2,2019-10-10,2019-10,WA,N,n
-27.18146,123.75569,29.5,2019-10-23,2019-10,WA,D,n
-14.15467,126.57091,12.3,2019-10-21,2019-10,WA,D,h
-34.5742,118.20345,15.8,2019-10-02,2019-10,WA,D,n
-16.20201,125.43971,13.3,2019-10-25,2019-10,WA,D,h
-32.10831,116.11549,40.4,2019-10-09,2019-10,WA,D,n
-24.6194,124.6376,6.5,2019-10-21,2019-10,WA,D,n
-26.01435,119.19852,43.4,2019-10-26,2019-10,WA,D,h
-28.1214,123.40411,4.0,2019-10-20,2019-10,WA,N,n
-15.09945,126.81194,34.7,2019-10-30,2019-10,WA,D,h
-16.36343,124.02476,9.4,2019-10-01,2019-10,WA,D,n
-25.66404,127.37611,1.4,2019-10-18,2019-10,WA,N,n
-33.0788,116.04253,2.6,2019-10-27,2019-10,WA,N,n
-31.56409,117.80158,0.5,2019-10-04,2019-10,WA,N,n
-23.01546,114.15327,19.4,2019-10-14,2019-10,WA,D,n
-19.67099,121.41959,3.6,2019-10-24,2019-10,WA,D,n
-15.84552,128.93048,90.3,2019-10-20,2019-10,WA,D,n
-15.45662,127.95559,3.5,2019-10-31,2019-10,WA,N,n
-28.35361,128.56783,149.4,2019-10-05,2019-10,WA,D,h
-22.79497,118.96796,39.0,2019-10-27,2019-10,WA,D,h
-23.80066,127.1826,31.8,2019-10-25,2019-10,WA,D,n
-33.7807,115.1437,14.5,2019-10-18,2019-10,WA,D,n
-18.15538,124.45681,13.3,2019-10-09,2019-10,WA,D,h
-21.22722,119.24793,17.7,2019-10-22,2019-10,WA,D,n
-21.78498,123.64354,153.2,2019-10-26,2019-10,WA,D,n
-15.74126,128.9657,7.7,2019-10-25,2019-10,WA,N,h
-33.52376,115.89027,16.6,2019-10-25,2019-10,WA,D,n
-15.57317,126.00632,66.0,2019-10-29,2019-10,WA,D,h
-34.66294,116.28555,0.9,2019-10-18,2019-10,WA,N,n
-21.02045,116.8455,1.0,2019-10-12,2019-10,WA,N,n
-31.32312,123.83273,107.0,2019-10-30,2019-10,WA,D,h
-28.41036,128.52707,183.8,2019-10-04,2019-10,WA,D,h
-31.05499,123.59977,420.4,2019-10-30,2019-10,WA,D,h
-28.79607,126.43907,31.4,2019-10-28,2019-10,WA,D,h
-17.34049,123.91296,2.3,2019-10-30,2019-10,WA,N,n
-30.86395,121.48934,24.8,2019-10-22,2019-10,WA,N,n
-29.25131,125.64431,34.4,2019-10-30,2019-10,WA,D,h
-23.75031,118.42502,43.6,2019-10-23,2019-10,WA,D,n
-25.64367,126.64632,15.2,2019-10-25,2019-10,WA,D,h
-33.18817,116.16859,92.1,2019-10-20,2019-10,WA,D,n
-33.42442,115.83698,3.6,2019-10-27,2019-10,WA,D,n
-25.67083,126.68016,40.9,2019-10-24,2019-10,WA,D,n
-15.37687,128.62585,101.4,2019-10-18,2019-10,WA,D,h
-18.24108,127.6577,1.3,2019-10-01,2019-10,WA,N,n
-21.15017,124.25714,1.4,2019-10-27,2019-10,WA,N,n
-15.4508,128.53482,16.0,2019-10-16,2019-10,WA,D,n
-28.74984,126.50362,300.7,2019-10-28,2019-10,WA,D,h
-32.22549,116.09367,18.6,2019-10-19,2019-10,WA,D,n
-20.48463,123.85941,8.9,2019-10-26,2019-10,WA,D,n
-19.99611,120.93639,11.5,2019-10-28,2019-10,WA,D,n
-21.2462,127.54175,9.2,2019-10-26,2019-10,WA,D,h
-14.89916,125.91282,91.3,2019-10-16,2019-10,WA,D,n
-26.14078,122.86023,19.4,2019-10-21,2019-10,WA,D,n
-33.45237,115.98575,4.9,2019-10-20,2019-10,WA,D,n
-23.42076,119.34101,1.8,2019-10-26,2019-10,WA,N,n
-31.05733,123.60191,227.3,2019-10-30,2019-10,WA,D,h
-15.99147,125.16083,83.5,2019-10-30,2019-10,WA,D,h
-25.66287,126.90298,17.0,2019-10-18,2019-10,WA,D,n
-19.63489,123.6968,6.3,2019-10-22,2019-10,WA,N,n
-34.17624,116.70143,5.8,2019-10-22,2019-10,WA,D,n
-34.48031,117.04402,0.3,2019-10-27,2019-10,WA,N,n
-14.91512,125.37836,1.2,2019-10-28,2019-10,WA,N,n
-32.29625,116.18022,1.3,2019-10-15,2019-10,WA,N,n
-33.84006,116.16156,176.0,2019-10-01,2019-10,WA,D,n
-17.58614,127.63417,21.0,2019-10-13,2019-10,WA,D,n
-28.80692,126.52608,3.2,2019-10-30,2019-10,WA,N,n
-16.03059,125.07947,10.0,2019-10-25,2019-10,WA,D,n
-23.01389,119.43633,57.5,2019-10-27,2019-10,WA,D,h
-27.54133,126.19324,42.6,2019-10-27,2019-10,WA,D,h
-34.92315,117.1709,0.9,2019-10-20,2019-10,WA,N,n
-28.50711,122.71172,132.3,2019-10-21,2019-10,WA,D,n
-28.71068,127.38449,76.1,2019-10-27,2019-10,WA,D,n
-14.902,126.95399,70.9,2019-10-29,2019-10,WA,D,n
-21.60444,125.32486,78.9,2019-10-23,2019-10,WA,D,h
-15.95967,126.65336,71.6,2019-10-19,2019-10,WA,D,h
-20.58392,118.9977,211.8,2019-10-23,2019-10,WA,D,h
-24.31851,123.09054,49.6,2019-10-21,2019-10,WA,D,n
-33.78388,120.80897,1.3,2019-10-07,2019-10,WA,N,n
-33.71869,115.64016,36.0,2019-10-27,2019-10,WA,D,n
-26.24385,124.40832,20.0,2019-10-24,2019-10,WA,D,n
-28.16201,122.62098,19.4,2019-10-21,2019-10,WA,D,h
-33.0842,115.7364,0.6,2019-10-19,2019-10,WA,N,n
-31.92698,122.79814,20.9,2019-10-22,2019-10,WA,D,h
-22.73228,127.08836,195.9,2019-10-16,2019-10,WA,D,h
-28.4719,127.81116,1.9,2019-10-31,2019-10,WA,N,n
-14.80184,125.49313,25.0,2019-10-10,2019-10,WA,D,h
-23.03145,118.81229,45.8,2019-10-11,2019-10,WA,N,h
-23.78606,127.23067,83.1,2019-10-25,2019-10,WA,D,h
-29.47519,127.18632,19.7,2019-10-04,2019-10,WA,D,n
-29.312,114.94543,0.3,2019-10-18,2019-10,WA,N,n
-26.03272,119.39081,313.2,2019-10-23,2019-10,WA,D,h
-26.29814,124.32214,1.7,2019-10-22,2019-10,WA,N,n
-24.20447,125.38435,2.9,2019-10-19,2019-10,WA,N,n
-31.05371,123.60465,111.4,2019-10-30,2019-10,WA,D,n
-33.67804,115.89525,39.3,2019-10-10,2019-10,WA,D,n
-28.7429,126.63699,115.4,2019-10-28,2019-10,WA,D,h
-33.67744,115.89973,26.7,2019-10-10,2019-10,WA,D,n
-19.82778,120.58167,21.9,2019-10-29,2019-10,WA,D,n
-34.65379,116.95088,206.4,2019-10-27,2019-10,WA,D,n
-28.35825,127.77407,1.6,2019-10-31,2019-10,WA,N,n
-24.05175,122.72492,49.1,2019-10-22,2019-10,WA,D,n
-26.15065,120.61649,14.0,2019-10-21,2019-10,WA,D,n
-23.18102,115.75822,11.1,2019-10-22,2019-10,WA,D,n
-16.09485,125.2497,74.4,2019-10-30,2019-10,WA,D,h
-21.24747,127.53635,9.2,2019-10-26,2019-10,WA,D,n
-31.45823,115.87718,1.8,2019-10-14,2019-10,WA,N,n
-28.59925,126.60821,122.9,2019-10-23,2019-10,WA,D,h
-31.04793,123.60268,111.4,2019-10-30,2019-10,WA,D,h
-25.97912,122.99511,19.0,2019-10-24,2019-10,WA,D,n
-28.6617,127.94387,3.6,2019-10-31,2019-10,WA,N,n
-15.11388,125.42844,7.4,2019-10-30,2019-10,WA,D,n
-15.28452,127.90556,58.8,2019-10-29,2019-10,WA,D,n
-17.33785,123.91321,2.3,2019-10-31,2019-10,WA,N,n
-16.63567,123.94476,197.8,2019-10-11,2019-10,WA,D,h
-30.03798,124.62138,64.6,2019-10-21,2019-10,WA,D,h
-15.44711,128.27901,1.1,2019-10-30,2019-10,WA,N,n
-28.34712,128.5356,99.9,2019-10-05,2019-10,WA,D,h
-34.92087,117.16832,1.4,2019-10-20,2019-10,WA,N,n
-24.7807,120.87111,4.5,2019-10-21,2019-10,WA,N,n
-21.09937,120.22171,13.9,2019-10-27,2019-10,WA,D,n
-18.64621,126.4693,17.1,2019-10-23,2019-10,WA,D,n
-16.56931,127.72124,2.4,2019-10-02,2019-10,WA,N,n
-15.29929,127.99026,31.1,2019-10-28,2019-10,WA,D,n
-28.64602,126.55793,65.0,2019-10-22,2019-10,WA,D,n
-24.17601,125.40688,23.5,2019-10-21,2019-10,WA,D,n
-17.28646,123.74966,36.6,2019-10-28,2019-10,WA,D,h
-16.07489,128.72359,25.5,2019-10-26,2019-10,WA,D,h
-20.8124,123.11372,33.8,2019-10-24,2019-10,WA,D,h
-27.12544,125.9755,14.6,2019-10-13,2019-10,WA,D,n
-28.93591,128.9601,19.8,2019-10-27,2019-10,WA,D,h
-15.39557,126.53003,95.6,2019-10-04,2019-10,WA,D,n
-21.76907,118.12905,74.9,2019-10-30,2019-10,WA,D,h
-21.73442,117.91681,109.7,2019-10-24,2019-10,WA,D,h
-16.49837,123.73134,6.9,2019-10-28,2019-10,WA,D,n
-22.58297,124.49265,3.1,2019-10-29,2019-10,WA,D,h
-28.28598,122.27861,0.6,2019-10-12,2019-10,WA,N,n
-17.23613,123.76669,85.6,2019-10-27,2019-10,WA,D,n
-28.64812,123.03202,76.0,2019-10-17,2019-10,WA,D,h
-28.51818,122.77988,119.4,2019-10-21,2019-10,WA,D,h
-21.10077,120.79591,110.0,2019-10-25,2019-10,WA,D,h
-29.77094,124.33284,12.6,2019-10-20,2019-10,WA,D,n
-28.53622,127.76956,8.8,2019-10-30,2019-10,WA,N,n
-28.62659,122.18604,142.9,2019-10-21,2019-10,WA,D,h
-15.6324,126.55612,97.8,2019-10-19,2019-10,WA,D,n
-28.32371,128.73834,4.3,2019-10-05,2019-10,WA,N,n
-32.95076,115.84893,6.8,2019-10-10,2019-10,WA,D,n
-22.05377,116.4492,134.3,2019-10-24,2019-10,WA,D,n
-33.83384,116.16175,44.9,2019-10-01,2019-10,WA,D,h
-31.04252,123.5863,280.9,2019-10-30,2019-10,WA,D,n
-32.58964,115.84785,3.3,2019-10-15,2019-10,WA,D,n
-23.24459,122.8027,12.0,2019-10-20,2019-10,WA,D,n
-34.58838,118.56866,7.0,2019-10-06,2019-10,WA,D,n
-33.57239,115.53541,4.0,2019-10-22,2019-10,WA,D,n
-15.54991,126.89367,26.4,2019-10-19,2019-10,WA,N,h
-31.4573,123.80766,250.5,2019-11-10,2019-11,WA,D,h
-21.99033,119.82814,14.1,2019-11-26,2019-11,WA,D,n
-22.59639,117.4957,3.1,2019-11-05,2019-11,WA,D,h
-33.48445,115.95914,35.8,2019-11-07,2019-11,WA,D,n
-21.84567,121.77116,5.3,2019-11-19,2019-11,WA,D,h
-17.00434,124.42477,34.8,2019-11-22,2019-11,WA,D,h
-14.64082,126.30083,38.3,2019-11-16,2019-11,WA,D,n
-14.36789,127.07645,61.2,2019-11-17,2019-11,WA,D,h
-15.48537,126.02278,73.2,2019-11-02,2019-11,WA,D,n
-30.21874,119.2346,0.7,2019-11-19,2019-11,WA,N,n
-22.26621,122.31808,2.7,2019-11-19,2019-11,WA,D,h
-32.08139,116.10712,1.8,2019-11-12,2019-11,WA,N,n
-15.47267,128.84665,102.0,2019-11-08,2019-11,WA,D,h
-17.27451,125.31687,16.0,2019-11-29,2019-11,WA,D,n
-31.65398,123.95336,10.1,2019-11-10,2019-11,WA,D,n
-15.03785,126.49821,31.3,2019-11-24,2019-11,WA,D,n
-21.19717,120.39937,57.6,2019-11-26,2019-11,WA,D,h
-20.42169,119.0052,194.5,2019-11-03,2019-11,WA,D,h
-28.36045,127.93514,15.2,2019-11-02,2019-11,WA,D,n
-26.56721,121.30853,45.4,2019-11-29,2019-11,WA,D,h
-15.50372,125.51151,43.5,2019-11-08,2019-11,WA,D,n
-16.51952,125.84589,33.7,2019-11-29,2019-11,WA,N,n
-15.81438,127.27081,156.0,2019-11-07,2019-11,WA,D,h
-21.79702,120.16893,16.7,2019-11-26,2019-11,WA,D,h
-18.62921,124.34048,12.8,2019-11-22,2019-11,WA,D,n
-20.55627,119.40066,9.8,2019-11-17,2019-11,WA,D,h
-21.58343,120.71421,3.8,2019-11-25,2019-11,WA,N,n
-24.8362,121.03892,2.7,2019-11-19,2019-11,WA,D,h
-34.03695,116.03448,10.7,2019-11-13,2019-11,WA,D,h
-29.30994,114.94459,0.4,2019-11-03,2019-11,WA,N,n
-17.63634,122.31768,278.1,2019-11-03,2019-11,WA,D,h
-16.02461,124.97916,6.9,2019-11-11,2019-11,WA,D,n
-16.85861,124.35501,76.5,2019-11-21,2019-11,WA,D,h
-21.69639,114.99545,32.4,2019-11-21,2019-11,WA,N,n
-23.0434,122.01968,3.8,2019-11-19,2019-11,WA,D,h
-18.15324,123.1245,1.9,2019-11-23,2019-11,WA,N,n
-34.17445,116.62228,8.1,2019-11-30,2019-11,WA,D,n
-29.29214,126.9824,0.6,2019-11-19,2019-11,WA,D,h
-15.67223,125.57025,28.1,2019-11-16,2019-11,WA,D,h
-34.20168,115.91752,6.8,2019-11-27,2019-11,WA,D,n
-28.34268,125.16965,41.6,2019-11-26,2019-11,WA,D,h
-16.24642,126.66451,131.0,2019-11-09,2019-11,WA,D,h
-24.72313,121.05316,5.2,2019-11-19,2019-11,WA,D,h
-29.19811,126.71725,3.6,2019-11-19,2019-11,WA,D,h
-20.38869,118.96465,7.2,2019-11-06,2019-11,WA,D,n
-14.91907,125.60909,33.7,2019-11-12,2019-11,WA,D,h
-33.47386,120.80858,156.8,2019-11-17,2019-11,WA,D,n
-30.43181,120.591,76.5,2019-11-21,2019-11,WA,D,n
-14.33757,126.51862,43.8,2019-11-27,2019-11,WA,D,n
-27.83755,123.93159,0.3,2019-11-19,2019-11,WA,D,h
-16.16419,128.80446,33.5,2019-11-06,2019-11,WA,D,h
-22.15475,117.66356,14.4,2019-11-29,2019-11,WA,D,n
-14.72081,127.11726,152.3,2019-11-15,2019-11,WA,D,h
-15.6041,128.67413,10.9,2019-11-06,2019-11,WA,D,h
-21.54169,125.90366,22.9,2019-11-28,2019-11,WA,D,n
-17.44105,123.88955,144.5,2019-11-18,2019-11,WA,D,h
-24.67585,120.31184,0.7,2019-11-18,2019-11,WA,D,h
-16.22323,125.20322,27.3,2019-11-01,2019-11,WA,D,n
-16.93173,124.15901,229.9,2019-11-18,2019-11,WA,D,n
-31.95831,122.85769,196.7,2019-11-10,2019-11,WA,D,h
-23.0691,118.85497,58.2,2019-11-03,2019-11,WA,D,h
-14.39417,126.61201,17.9,2019-11-19,2019-11,WA,D,n
-14.74024,127.27856,166.4,2019-11-18,2019-11,WA,D,n
-30.45342,115.34251,1.6,2019-11-04,2019-11,WA,D,n
-14.36966,127.07589,140.1,2019-11-17,2019-11,WA,D,h
-31.17832,124.126,381.3,2019-11-05,2019-11,WA,D,h
-15.15815,126.89804,98.5,2019-11-07,2019-11,WA,D,h
-34.15134,116.08656,61.5,2019-11-11,2019-11,WA,D,n
-17.13419,122.87943,4.0,2019-11-27,2019-11,WA,N,n
-16.13192,127.19924,3.4,2019-11-28,2019-11,WA,D,n
-19.30296,122.03253,19.8,2019-11-26,2019-11,WA,D,h
-26.56458,121.35452,0.9,2019-11-28,2019-11,WA,N,n
-19.73296,121.85155,21.7,2019-11-28,2019-11,WA,D,n
-33.25143,117.45664,5.5,2019-11-21,2019-11,WA,D,n
-28.59778,128.16011,29.9,2019-11-02,2019-11,WA,D,n
-26.20414,126.091,5.0,2019-11-30,2019-11,WA,D,n
-15.39408,125.66827,73.2,2019-11-17,2019-11,WA,D,h
-24.10952,120.41911,1.3,2019-11-18,2019-11,WA,D,h
-21.7956,121.17041,15.5,2019-11-27,2019-11,WA,D,n
-22.29608,122.03728,3.2,2019-11-19,2019-11,WA,D,h
-26.08052,122.28873,0.4,2019-11-19,2019-11,WA,D,h
-33.15032,123.88715,9.9,2019-11-23,2019-11,WA,D,n
-22.26163,123.83373,10.9,2019-11-26,2019-11,WA,D,n
-16.08426,124.90943,171.7,2019-11-09,2019-11,WA,D,h
-15.28405,127.00001,108.0,2019-11-10,2019-11,WA,D,h
-15.41778,125.95335,13.0,2019-11-06,2019-11,WA,D,n
-30.7576,124.04826,65.9,2019-11-25,2019-11,WA,D,h
-33.39,115.94794,5.9,2019-11-15,2019-11,WA,D,n
-34.7725,117.44718,125.5,2019-11-08,2019-11,WA,D,h
-24.68543,120.29501,2.1,2019-11-18,2019-11,WA,D,h
-28.35349,125.42597,1.5,2019-11-29,2019-11,WA,D,n
-16.53252,125.93417,114.8,2019-11-25,2019-11,WA,D,h
-16.43606,124.70684,40.2,2019-11-12,2019-11,WA,D,h
-22.21665,119.23901,7.1,2019-11-26,2019-11,WA,N,n
-24.68389,118.78795,0.7,2019-11-13,2019-11,WA,N,n
-24.83954,119.06158,21.3,2019-11-30,2019-11,WA,D,h
-24.84529,119.10072,9.5,2019-11-30,2019-11,WA,D,n
-15.58757,128.34645,17.0,2019-11-06,2019-11,WA,D,h
-16.56018,126.91837,9.5,2019-11-21,2019-11,WA,D,h
-31.20976,123.56182,101.5,2019-11-16,2019-11,WA,D,h
-21.14836,119.50371,2.9,2019-11-25,2019-11,WA,N,n
-15.9519,125.59148,309.9,2019-11-10,2019-11,WA,D,n
-20.55398,128.70636,2.4,2019-11-20,2019-11,WA,D,h
-29.01797,123.97121,66.8,2019-11-30,2019-11,WA,D,n
-18.01559,123.98902,16.4,2019-11-03,2019-11,WA,D,h
-22.17045,119.27164,0.8,2019-11-26,2019-11,WA,N,n
-14.56091,126.99016,91.8,2019-11-24,2019-11,WA,D,n
-24.19358,121.3525,3.5,2019-11-19,2019-11,WA,D,h
-14.73711,125.64777,29.2,2019-11-30,2019-11,WA,D,n
-20.93701,119.02323,287.9,2019-11-16,2019-11,WA,D,h
-26.53495,121.30542,3.7,2019-11-28,2019-11,WA,N,n
-18.84024,124.39584,99.9,2019-11-16,2019-11,WA,D,h
-24.10893,120.42346,1.6,2019-11-18,2019-11,WA,D,h
-26.39264,126.20599,8.2,2019-11-30,2019-11,WA,D,n
-17.19407,123.03752,81.2,2019-11-16,2019-11,WA,D,n
-18.7632,124.31492,61.2,2019-11-17,2019-11,WA,D,h
-15.93329,125.67686,103.9,2019-11-12,2019-11,WA,D,h
-21.47961,120.28183,50.5,2019-11-26,2019-11,WA,D,h
-17.84348,122.3122,124.8,2019-11-16,2019-11,WA,D,n
-16.73557,125.19859,21.3,2019-11-21,2019-11,WA,D,h
-30.70499,123.02312,163.0,2019-11-22,2019-11,WA,D,h
-28.49742,128.00314,1.4,2019-11-03,2019-11,WA,N,n
-18.44099,123.93766,21.6,2019-11-12,2019-11,WA,D,h
-34.18779,115.92529,6.8,2019-11-28,2019-11,WA,D,n
-16.91978,124.81274,3.9,2019-11-24,2019-11,WA,D,n
-23.28422,122.63833,6.2,2019-11-19,2019-11,WA,D,h
-15.52077,125.93008,132.3,2019-11-03,2019-11,WA,D,h
-23.71305,114.64854,2.6,2019-11-06,2019-11,WA,D,h
-32.35501,115.8228,8.2,2019-11-24,2019-11,WA,D,n
-21.00821,116.6032,99.6,2019-11-09,2019-11,WA,D,h
-18.09242,122.67923,47.7,2019-11-24,2019-11,WA,D,n
-16.86473,124.35567,76.5,2019-11-21,2019-11,WA,D,h
-21.7855,120.16998,11.5,2019-11-26,2019-11,WA,D,h
-20.42024,119.00282,26.7,2019-11-03,2019-11,WA,D,n
-31.17595,123.63673,220.3,2019-11-10,2019-11,WA,D,h
-23.32777,118.93821,40.6,2019-11-28,2019-11,WA,D,n
-14.76282,128.1152,5.6,2019-11-30,2019-11,WA,N,n
-30.2187,120.01396,6.4,2019-11-20,2019-11,WA,D,n
-14.20623,126.92529,114.9,2019-11-29,2019-11,WA,D,n
-14.2464,126.61852,7.6,2019-11-24,2019-11,WA,D,n
-21.85565,122.17374,2.1,2019-11-19,2019-11,WA,D,h
-21.15837,119.81181,165.9,2019-11-26,2019-11,WA,D,h
-21.32868,128.84692,0.4,2019-11-20,2019-11,WA,D,h
-29.79292,118.50075,150.8,2019-11-26,2019-11,WA,D,h
-34.23348,115.95711,17.8,2019-11-24,2019-11,WA,D,n
-21.94614,124.24249,21.7,2019-11-23,2019-11,WA,N,n
-25.30708,125.70229,1.9,2019-11-25,2019-11,WA,N,n
-20.9596,119.73147,4.4,2019-11-25,2019-11,WA,N,n
-17.55036,125.1869,4.9,2019-11-24,2019-11,WA,N,n
-17.27654,125.53326,19.5,2019-11-21,2019-11,WA,D,h
-31.49973,121.69314,35.7,2019-11-24,2019-11,WA,D,n
-17.25631,123.08069,48.7,2019-11-16,2019-11,WA,D,h
-15.60918,124.90758,46.1,2019-11-23,2019-11,WA,N,n
-21.6677,116.69881,43.5,2019-11-03,2019-11,WA,D,h
-19.01215,123.11125,179.5,2019-11-06,2019-11,WA,D,h
-24.06838,121.61579,0.9,2019-11-19,2019-11,WA,D,h
-17.31759,124.66535,1.5,2019-11-23,2019-11,WA,N,n
-29.8243,118.68252,125.1,2019-11-19,2019-11,WA,D,n
-23.03362,122.73811,10.3,2019-11-16,2019-11,WA,D,n
-30.78054,123.00709,207.8,2019-11-19,2019-11,WA,D,h
-16.88626,124.77581,24.4,2019-11-26,2019-11,WA,D,h
-29.35964,115.31722,1.5,2019-11-29,2019-11,WA,N,n
-21.29926,120.21046,15.0,2019-11-24,2019-11,WA,N,n
-22.37691,117.30668,23.6,2019-11-05,2019-11,WA,D,h
-16.53456,128.49352,10.5,2019-11-11,2019-11,WA,D,h
-33.46458,115.91543,8.2,2019-11-07,2019-11,WA,D,n
-21.834,128.83885,1.8,2019-11-20,2019-11,WA,D,h
-31.25438,124.05724,185.2,2019-11-05,2019-11,WA,D,n
-30.97145,115.76003,35.3,2019-11-08,2019-11,WA,D,n
-20.99484,118.70545,4.3,2019-11-26,2019-11,WA,N,n
-21.38791,119.71571,11.7,2019-11-26,2019-11,WA,D,h
-17.73493,122.24922,16.8,2019-11-17,2019-11,WA,D,h
-16.49826,125.93883,10.2,2019-11-27,2019-11,WA,D,n
-18.51344,123.93524,131.6,2019-11-11,2019-11,WA,D,n
-17.89635,128.6577,1.8,2019-11-28,2019-11,WA,N,n
-14.65714,126.40993,38.3,2019-11-20,2019-11,WA,D,n
-34.20116,115.92239,6.6,2019-11-28,2019-11,WA,D,n
-33.63761,115.89574,40.7,2019-11-05,2019-11,WA,D,n
-14.9626,126.45139,47.6,2019-11-23,2019-11,WA,D,n
-18.98181,124.36449,208.7,2019-11-16,2019-11,WA,D,h
-17.54593,125.18781,4.9,2019-11-24,2019-11,WA,N,n
-27.26859,128.93784,194.8,2019-11-02,2019-11,WA,D,n
-17.45459,123.93315,266.0,2019-11-17,2019-11,WA,D,h
-22.35494,117.22469,70.3,2019-11-03,2019-11,WA,D,h
-19.97484,120.99255,4.9,2019-11-25,2019-11,WA,N,n
-20.9411,119.11368,21.1,2019-11-15,2019-11,WA,N,h
-16.21234,125.0212,48.4,2019-11-04,2019-11,WA,D,n
-27.69659,124.35011,46.6,2019-11-24,2019-11,WA,N,h
-22.2106,119.25494,12.0,2019-11-26,2019-11,WA,D,n
-16.17242,128.7997,23.5,2019-11-06,2019-11,WA,D,n
-20.36717,118.9389,15.6,2019-11-09,2019-11,WA,D,h
-32.41518,116.02791,7.2,2019-11-07,2019-11,WA,D,n
-22.42011,121.5731,0.3,2019-11-19,2019-11,WA,D,h
-16.56348,126.00434,10.3,2019-11-29,2019-11,WA,N,n
-25.63044,120.74767,3.9,2019-11-18,2019-11,WA,D,h
-22.23445,119.70468,13.7,2019-11-25,2019-11,WA,D,n
-15.37401,128.68791,12.0,2019-11-27,2019-11,WA,D,h
-15.08572,127.31926,91.5,2019-11-12,2019-11,WA,D,h
-15.03439,126.49762,31.3,2019-11-24,2019-11,WA,D,n
-15.16341,126.2338,22.3,2019-11-24,2019-11,WA,D,n
-22.30196,120.69112,11.7,2019-11-25,2019-11,WA,N,n
-16.12919,126.78249,32.6,2019-11-06,2019-11,WA,N,n
-17.69407,127.1033,161.3,2019-11-01,2019-11,WA,D,h
-15.23697,128.26277,191.9,2019-11-17,2019-11,WA,D,h
-15.4518,127.93195,17.7,2019-11-01,2019-11,WA,D,h
-14.49942,127.18842,77.4,2019-11-22,2019-11,WA,D,h
-20.40636,127.30135,1.0,2019-11-19,2019-11,WA,D,h
-14.54972,126.15968,35.7,2019-11-28,2019-11,WA,D,n
-18.13249,123.03368,13.8,2019-11-24,2019-11,WA,D,n
-20.06058,120.67737,37.3,2019-11-06,2019-11,WA,D,n
-22.51115,123.61592,25.5,2019-11-28,2019-11,WA,D,n
-17.83091,126.88257,7.9,2019-11-01,2019-11,WA,D,n
-14.23044,127.33552,18.4,2019-11-21,2019-11,WA,D,n
-14.34112,127.21352,32.9,2019-11-17,2019-11,WA,D,h
-16.52344,125.84509,33.7,2019-11-29,2019-11,WA,N,n
-25.34138,128.84932,19.4,2019-11-11,2019-11,WA,D,h
-31.02616,123.96097,136.3,2019-11-23,2019-11,WA,D,h
-15.60359,128.67894,9.6,2019-11-06,2019-11,WA,D,n
-30.40033,120.59888,90.7,2019-11-21,2019-11,WA,D,h
-33.71319,117.12685,3.1,2019-11-09,2019-11,WA,N,n
-17.25025,123.07378,30.6,2019-11-16,2019-11,WA,D,n
-17.59002,122.2436,138.8,2019-11-16,2019-11,WA,D,h
-27.12584,128.63518,107.1,2019-11-10,2019-11,WA,D,h
-18.67781,123.14902,6.5,2019-11-23,2019-11,WA,N,n
-34.62986,117.16057,83.1,2019-11-26,2019-11,WA,D,h
-32.14602,115.79885,0.9,2019-11-22,2019-11,WA,N,n
-24.68152,120.30244,1.2,2019-11-18,2019-11,WA,D,h
-17.50101,128.32364,6.5,2019-11-24,2019-11,WA,N,n
-14.97236,126.8392,35.6,2019-11-13,2019-11,WA,D,n
-15.56544,127.02563,29.2,2019-11-03,2019-11,WA,D,n
-15.67854,125.92625,40.0,2019-11-06,2019-11,WA,D,h
-26.63282,123.13413,6.5,2019-11-24,2019-11,WA,N,n
-16.3751,123.8063,172.2,2019-11-03,2019-11,WA,D,h
-28.73399,126.51305,3.3,2019-11-19,2019-11,WA,D,h
-17.1434,124.08902,130.8,2019-11-27,2019-11,WA,D,h
-22.2194,119.24223,17.5,2019-11-26,2019-11,WA,N,n
-15.00089,125.39668,40.9,2019-11-15,2019-11,WA,D,n
-23.02575,118.64635,26.9,2019-11-06,2019-11,WA,D,n
-15.14179,125.84887,30.6,2019-11-23,2019-11,WA,N,n
-20.94518,119.11311,21.1,2019-11-15,2019-11,WA,N,h
-31.43759,115.58825,563.3,2019-12-13,2019-12,WA,D,h
-15.2325,125.99857,6.4,2019-12-09,2019-12,WA,D,n
-17.15571,122.77409,21.4,2019-12-19,2019-12,WA,D,n
-17.46659,122.8721,14.2,2019-12-02,2019-12,WA,D,h
-14.98962,128.81578,15.8,2019-12-26,2019-12,WA,D,n
-31.20737,121.06736,136.6,2019-12-28,2019-12,WA,D,h
-16.98729,128.46909,2.8,2019-12-14,2019-12,WA,N,n
-22.38492,120.88878,20.0,2019-12-26,2019-12,WA,D,n
-33.4784,119.39914,1.5,2019-12-07,2019-12,WA,N,n
-31.49779,119.77872,9.3,2019-12-27,2019-12,WA,D,h
-17.11204,124.06165,9.3,2019-12-01,2019-12,WA,D,n
-17.35099,128.42514,41.6,2019-12-28,2019-12,WA,D,n
-28.48084,122.85176,24.4,2019-12-24,2019-12,WA,D,n
-27.30727,120.72472,1.7,2019-12-14,2019-12,WA,N,n
-24.33295,125.30418,7.5,2019-12-08,2019-12,WA,N,n
-29.30339,128.25888,53.1,2019-12-13,2019-12,WA,N,h
-15.68833,125.28086,45.8,2019-12-17,2019-12,WA,D,n
-16.58779,123.63896,237.6,2019-12-01,2019-12,WA,D,h
-32.5486,122.33229,82.6,2019-12-29,2019-12,WA,D,h
-33.05608,123.58629,284.8,2019-12-04,2019-12,WA,D,h
-18.10411,124.09235,15.6,2019-12-18,2019-12,WA,D,h
-27.55162,128.76848,4.6,2019-12-06,2019-12,WA,D,h
-31.20172,121.22112,2.0,2019-12-31,2019-12,WA,N,n
-14.67943,126.99547,1.7,2019-12-07,2019-12,WA,N,n
-18.33249,123.15558,82.3,2019-12-31,2019-12,WA,D,h
-30.86058,123.77003,2.6,2019-12-29,2019-12,WA,N,n
-20.44101,122.25492,100.5,2019-12-28,2019-12,WA,D,n
-21.60139,126.60929,9.2,2019-12-22,2019-12,WA,D,h
-33.05023,123.60336,540.0,2019-12-04,2019-12,WA,D,h
-16.4318,127.73097,27.1,2019-12-01,2019-12,WA,D,n
-16.42629,128.44003,32.1,2019-12-11,2019-12,WA,D,n
-23.86574,127.80359,12.2,2019-12-24,2019-12,WA,D,n
-20.536,127.0832,5.1,2019-12-27,2019-12,WA,N,n
-26.78426,125.41563,45.0,2019-12-28,2019-12,WA,D,h
-15.7675,125.00626,18.5,2019-12-01,2019-12,WA,D,n
-27.91803,127.89893,18.8,2019-12-20,2019-12,WA,D,n
-15.88517,126.18519,15.5,2019-12-28,2019-12,WA,D,n
-21.06119,128.9481,0.1,2019-12-06,2019-12,WA,D,h
-31.02534,116.02522,217.9,2019-12-15,2019-12,WA,D,h
-30.47097,122.4395,51.8,2019-12-19,2019-12,WA,D,n
-29.58036,128.40556,9.4,2019-12-23,2019-12,WA,D,n
-30.91562,123.66516,45.2,2019-12-31,2019-12,WA,D,h
-16.46333,128.10661,6.0,2019-12-10,2019-12,WA,D,n
-28.00638,128.09355,162.4,2019-12-19,2019-12,WA,D,h
-27.761,127.12463,22.2,2019-12-18,2019-12,WA,D,h
-25.87285,128.34894,34.4,2019-12-29,2019-12,WA,D,h
-29.22617,128.0878,232.1,2019-12-29,2019-12,WA,D,h
-29.00406,128.17049,266.9,2019-12-29,2019-12,WA,D,h
-23.40178,123.33387,23.1,2019-12-28,2019-12,WA,D,n
-15.45382,125.32064,22.6,2019-12-02,2019-12,WA,D,h
-15.91399,127.36725,9.4,2019-12-18,2019-12,WA,D,n
-22.45837,117.7198,28.3,2019-12-31,2019-12,WA,N,h
-25.27376,128.09134,141.6,2019-12-18,2019-12,WA,D,n
-30.96408,116.74014,1.1,2019-12-25,2019-12,WA,N,n
-29.75739,123.14207,3.5,2019-12-19,2019-12,WA,N,n
-21.63977,127.12269,44.9,2019-12-28,2019-12,WA,D,n
-28.15983,121.19626,19.0,2019-12-27,2019-12,WA,D,h
-14.9704,126.67306,11.1,2019-12-16,2019-12,WA,D,n
-27.21811,128.88551,22.3,2019-12-28,2019-12,WA,D,h
-15.22151,127.6614,12.5,2019-12-15,2019-12,WA,D,n
-32.71537,120.52815,155.7,2019-12-19,2019-12,WA,D,h
-27.5049,127.32952,135.3,2019-12-09,2019-12,WA,D,h
-27.63478,126.25336,42.4,2019-12-28,2019-12,WA,D,n
-29.60411,122.92223,17.4,2019-12-08,2019-12,WA,D,n
-20.30072,123.46381,15.6,2019-12-11,2019-12,WA,N,h
-19.82415,121.27386,91.9,2019-12-30,2019-12,WA,D,n
-32.97158,123.63581,146.1,2019-12-15,2019-12,WA,D,h
-33.61849,123.64001,827.7,2019-12-21,2019-12,WA,D,h
-17.92082,123.20335,31.2,2019-12-18,2019-12,WA,D,n
-32.53112,119.98178,536.6,2019-12-18,2019-12,WA,D,h
-21.34879,126.5625,16.8,2019-12-28,2019-12,WA,D,h
-24.92597,127.25458,1.5,2019-12-06,2019-12,WA,D,h
-27.90816,128.38,88.2,2019-12-19,2019-12,WA,D,h
-34.4682,118.1539,619.5,2019-12-30,2019-12,WA,D,n
-21.31278,119.25584,64.3,2019-12-07,2019-12,WA,D,n
-29.75858,123.15069,2.6,2019-12-19,2019-12,WA,N,n
-31.99155,121.56184,366.5,2019-12-29,2019-12,WA,D,h
-14.98381,128.674,15.9,2019-12-06,2019-12,WA,D,h
-23.93826,118.63381,13.8,2019-12-03,2019-12,WA,D,h
-18.62601,125.84299,13.7,2019-12-28,2019-12,WA,D,h
-24.47892,128.04471,3.2,2019-12-05,2019-12,WA,D,h
-32.38063,123.2964,413.1,2019-12-22,2019-12,WA,D,h
-21.28959,122.33628,72.5,2019-12-18,2019-12,WA,D,h
-15.47174,125.08067,4.1,2019-12-28,2019-12,WA,D,n
-20.26719,123.24788,154.3,2019-12-08,2019-12,WA,D,h
-18.58248,124.78593,80.2,2019-12-18,2019-12,WA,D,n
-23.92509,122.96634,15.3,2019-12-12,2019-12,WA,D,n
-33.92813,116.12805,0.7,2019-12-18,2019-12,WA,N,n
-27.14876,121.16548,11.5,2019-12-28,2019-12,WA,D,n
-29.60785,122.92316,25.3,2019-12-08,2019-12,WA,D,n
-23.32101,121.67924,1.8,2019-12-04,2019-12,WA,D,h
-28.30322,124.67002,37.5,2019-12-21,2019-12,WA,D,n
-19.49978,128.43185,19.6,2019-12-29,2019-12,WA,D,n
-28.84426,124.65526,252.0,2019-12-18,2019-12,WA,D,n
-27.50551,128.96227,2.8,2019-12-06,2019-12,WA,D,h
-21.74467,118.41786,11.2,2019-12-06,2019-12,WA,D,h
-22.77985,119.64347,11.1,2019-12-11,2019-12,WA,D,h
-30.75691,118.91071,17.6,2019-12-06,2019-12,WA,D,n
-20.79664,122.80651,18.1,2019-12-09,2019-12,WA,D,n
-27.75793,128.21265,68.6,2019-12-29,2019-12,WA,D,h
-29.72363,118.64274,35.3,2019-12-03,2019-12,WA,D,n
-15.92749,127.87603,33.4,2019-12-13,2019-12,WA,D,h
-17.82829,123.26768,18.9,2019-12-20,2019-12,WA,D,n
-23.23924,123.01289,3.5,2019-12-06,2019-12,WA,N,n
-18.85141,127.68958,127.0,2019-12-18,2019-12,WA,D,h
-28.8005,128.84261,519.3,2019-12-29,2019-12,WA,D,h
-32.01876,121.34794,9.9,2019-12-31,2019-12,WA,D,n
-28.30704,124.67059,37.5,2019-12-21,2019-12,WA,D,n
-20.20381,127.8195,14.3,2019-12-08,2019-12,WA,N,n
-16.1996,124.64702,25.5,2019-12-12,2019-12,WA,D,h
-21.54951,119.08544,2.2,2019-12-20,2019-12,WA,N,n
-32.06599,115.90759,7.8,2019-12-04,2019-12,WA,D,n
-23.52304,128.61778,53.9,2019-12-24,2019-12,WA,D,h
-29.80075,115.8489,7.6,2019-12-05,2019-12,WA,N,h
-32.30103,116.70026,60.9,2019-12-11,2019-12,WA,D,n
-32.22198,115.83675,75.1,2019-12-15,2019-12,WA,D,h
-33.14326,116.23234,165.6,2019-12-15,2019-12,WA,D,h
-19.8477,121.73981,8.5,2019-12-18,2019-12,WA,N,n
-20.61511,116.77107,13.2,2019-12-27,2019-12,WA,N,n
-17.98358,123.88962,29.8,2019-12-18,2019-12,WA,D,h
-27.80877,116.52296,25.0,2019-12-12,2019-12,WA,D,n
-29.72024,118.64211,28.3,2019-12-03,2019-12,WA,D,h
-21.01123,123.14484,0.7,2019-12-07,2019-12,WA,N,n
-15.72123,128.68526,0.2,2019-12-20,2019-12,WA,N,n
-14.95014,126.5508,73.6,2019-12-15,2019-12,WA,D,n
-16.71481,127.69029,16.8,2019-12-01,2019-12,WA,D,n
-19.79383,121.63628,16.6,2019-12-21,2019-12,WA,D,n
-22.34539,122.7932,20.6,2019-12-30,2019-12,WA,D,n
-16.73447,124.29034,105.0,2019-12-07,2019-12,WA,D,n
-27.96263,119.85034,31.2,2019-12-13,2019-12,WA,D,h
-27.60257,128.57005,117.6,2019-12-18,2019-12,WA,D,h
-15.16005,124.98738,71.3,2019-12-12,2019-12,WA,D,n
-31.53022,115.67928,56.8,2019-12-11,2019-12,WA,N,n
-18.33856,124.48745,2.9,2019-12-05,2019-12,WA,N,n
-15.86618,128.79604,15.8,2019-12-12,2019-12,WA,D,n
-17.24945,127.93089,24.9,2019-12-25,2019-12,WA,D,n
-32.92982,120.88303,115.5,2019-12-08,2019-12,WA,D,h
-17.62719,125.0983,49.7,2019-12-24,2019-12,WA,N,n
-15.27127,127.45842,110.7,2019-12-16,2019-12,WA,D,h
-28.21063,125.56211,44.8,2019-12-08,2019-12,WA,D,n
-33.92627,122.12643,109.8,2019-12-28,2019-12,WA,D,h
-32.19442,121.5073,614.6,2019-12-19,2019-12,WA,D,h
-17.99586,127.34933,1.8,2019-12-20,2019-12,WA,N,n
-16.80219,127.95676,67.6,2019-12-10,2019-12,WA,D,n
-20.54965,122.67133,77.6,2019-12-25,2019-12,WA,D,h
-23.67884,128.59785,34.6,2019-12-27,2019-12,WA,N,n
-27.95965,122.85207,110.4,2019-12-27,2019-12,WA,N,n
-26.76702,128.97168,9.2,2019-12-20,2019-12,WA,N,n
-18.33756,123.14022,43.9,2019-12-27,2019-12,WA,D,n
-28.25043,125.50629,136.1,2019-12-07,2019-12,WA,D,n
-21.17536,124.26267,23.1,2019-12-11,2019-12,WA,N,n
-24.63881,127.22118,60.3,2019-12-31,2019-12,WA,D,h
-30.73206,119.89764,133.1,2019-12-07,2019-12,WA,D,h
-15.67979,126.99825,14.3,2019-12-19,2019-12,WA,D,h
-17.85557,123.36646,64.7,2019-12-16,2019-12,WA,D,n
-22.35139,120.59953,2.3,2019-12-14,2019-12,WA,N,n
-28.865,128.69679,21.8,2019-12-26,2019-12,WA,D,n
-15.36664,128.99991,3.0,2019-12-10,2019-12,WA,N,n
-17.77056,125.39439,9.6,2019-12-12,2019-12,WA,D,n
-28.91153,128.81274,511.9,2019-12-29,2019-12,WA,D,h
-21.00707,116.538,14.1,2019-12-25,2019-12,WA,D,n
-14.14335,126.47367,18.2,2019-12-13,2019-12,WA,D,h
-14.99536,128.78244,15.0,2019-12-25,2019-12,WA,D,n
-28.16015,121.1919,19.0,2019-12-27,2019-12,WA,D,h
-26.12445,123.9126,5.7,2019-12-05,2019-12,WA,D,h
-27.80511,126.57216,32.2,2019-12-10,2019-12,WA,D,n
-33.62819,123.76701,111.4,2019-12-29,2019-12,WA,D,h
-21.10963,121.26594,6.9,2019-12-17,2019-12,WA,N,n
-19.78228,123.37776,2.1,2019-12-24,2019-12,WA,N,n
-32.39145,123.35796,669.2,2019-12-22,2019-12,WA,D,n
-19.24559,124.53973,15.9,2019-12-07,2019-12,WA,D,h
-29.44401,123.93764,1.7,2019-12-08,2019-12,WA,N,n
-29.16912,127.16772,0.8,2019-12-31,2019-12,WA,N,n
-18.1031,124.09707,15.6,2019-12-18,2019-12,WA,D,n
-31.58933,124.1386,18.6,2019-12-20,2019-12,WA,D,h
-16.46634,128.35156,68.8,2019-12-09,2019-12,WA,D,n
-19.21545,121.9626,46.6,2019-12-18,2019-12,WA,D,n
-15.71386,124.66006,10.5,2019-12-10,2019-12,WA,D,n
-14.85448,125.5769,15.3,2019-12-01,2019-12,WA,D,n
-17.64525,122.76495,143.9,2019-12-11,2019-12,WA,D,n
-15.24043,126.00452,13.9,2019-12-09,2019-12,WA,D,n
-26.68479,123.09109,9.5,2019-12-26,2019-12,WA,D,h
-24.43888,127.76377,4.4,2019-12-05,2019-12,WA,D,h
-26.99814,125.86227,81.7,2019-12-12,2019-12,WA,D,h
-22.21856,115.21896,36.5,2019-12-28,2019-12,WA,D,n
-33.14935,116.23462,165.6,2019-12-15,2019-12,WA,D,h
-16.02085,125.80276,14.5,2019-12-28,2019-12,WA,D,n
-21.39802,116.4329,19.1,2019-12-24,2019-12,WA,D,n
-17.32151,123.66574,37.9,2019-12-01,2019-12,WA,D,n
-31.25402,123.7056,4.6,2019-12-01,2019-12,WA,D,n
-21.53821,122.29256,35.2,2019-12-19,2019-12,WA,D,h
-25.1254,126.79372,1.1,2019-12-05,2019-12,WA,D,h
-24.59479,127.31731,11.8,2019-12-30,2019-12,WA,D,n
-32.22519,115.82513,132.0,2019-12-15,2019-12,WA,D,n
-19.20628,123.86416,2.2,2019-12-29,2019-12,WA,N,n
-32.92141,123.4211,46.8,2019-12-17,2019-12,WA,D,n
-21.58216,118.35065,2.6,2019-12-25,2019-12,WA,N,n
-17.8325,123.35799,29.7,2019-12-16,2019-12,WA,D,n
-28.79607,128.855,174.4,2019-12-29,2019-12,WA,D,h
-14.39154,127.72567,12.2,2019-12-22,2019-12,WA,D,n
-15.67248,126.99097,19.6,2019-12-20,2019-12,WA,D,n
-18.14989,125.39965,19.1,2019-12-25,2019-12,WA,D,n
-25.293,122.57628,31.1,2019-12-17,2019-12,WA,D,n
-30.7412,123.44875,27.9,2019-12-23,2019-12,WA,D,n
-33.67612,123.58916,157.7,2019-12-21,2019-12,WA,N,n
-15.47062,127.79182,27.8,2019-12-15,2019-12,WA,D,n
-17.56243,124.12393,45.2,2019-12-25,2019-12,WA,D,n
-22.5258,115.81304,157.6,2019-12-13,2019-12,WA,D,h
-14.85392,125.58138,15.3,2019-12-01,2019-12,WA,D,n
-21.62693,118.70101,22.4,2019-12-24,2019-12,WA,D,n
-16.53587,125.82363,18.9,2019-12-01,2019-12,WA,D,h
-20.32111,118.87917,29.8,2019-12-01,2019-12,WA,D,h
-27.0422,127.95586,40.9,2019-12-11,2019-12,WA,D,n
-17.59914,124.41445,12.2,2019-12-21,2019-12,WA,D,n
-17.79385,122.24903,24.6,2019-12-02,2019-12,WA,D,h
-22.89852,117.17667,115.2,2019-12-11,2019-12,WA,D,h
-22.05771,126.89249,21.1,2019-12-28,2019-12,WA,D,n
-27.63972,120.6755,101.7,2019-12-22,2019-12,WA,D,h
-27.07042,119.70423,35.3,2019-12-12,2019-12,WA,D,n
-27.86872,127.64896,59.9,2019-12-20,2019-12,WA,D,n
-19.72971,123.86481,79.0,2019-12-11,2019-12,WA,D,n
-20.2717,123.24885,154.3,2019-12-08,2019-12,WA,D,h
-18.65011,123.43983,57.0,2019-12-08,2019-12,WA,D,n
-32.43613,119.89016,512.6,2019-12-07,2019-12,WA,D,h
-27.58745,122.7487,20.6,2019-12-10,2019-12,WA,D,n
-32.31229,118.95415,3.3,2019-12-26,2019-12,WA,D,n
-18.00323,127.35187,0.9,2019-12-20,2019-12,WA,N,n
-24.17519,113.47277,263.5,2019-12-01,2019-12,WA,D,n
-17.97021,123.22444,31.8,2019-12-18,2019-12,WA,D,h
-32.72261,120.33079,199.8,2019-12-10,2019-12,WA,D,n
-33.18631,123.57404,612.4,2019-12-16,2019-12,WA,D,h
-15.25507,128.52693,48.8,2019-12-12,2019-12,WA,D,n
-21.84417,124.42316,4.8,2019-12-25,2019-12,WA,N,n
-22.41073,128.04047,3.9,2019-12-31,2019-12,WA,N,n
-20.82036,122.95509,90.3,2019-12-08,2019-12,WA,D,h
-32.42031,120.29273,331.9,2019-12-08,2019-12,WA,D,h
-18.71343,127.33907,102.9,2019-12-28,2019-12,WA,D,n
-22.66243,115.57227,31.9,2019-12-01,2019-12,WA,D,h
-20.99897,116.56078,45.9,2019-12-25,2019-12,WA,D,n
-21.18299,120.71179,41.7,2019-12-13,2019-12,WA,D,n
-32.3681,121.50169,60.4,2020-01-06,2020-01,WA,D,n
-20.82021,115.38282,1.5,2020-01-24,2020-01,WA,N,n
-33.97625,115.79687,16.2,2020-01-22,2020-01,WA,D,n
-22.46425,117.73491,51.8,2020-01-01,2020-01,WA,D,h
-22.81772,122.58635,7.7,2020-01-19,2020-01,WA,D,n
-32.81236,124.00931,382.7,2020-01-08,2020-01,WA,D,h
-30.89824,123.72104,67.6,2020-01-01,2020-01,WA,D,n
-17.42478,122.63933,2.7,2020-01-01,2020-01,WA,D,n
-15.79753,128.80504,5.1,2020-01-29,2020-01,WA,D,n
-32.67467,122.30244,252.2,2020-01-07,2020-01,WA,D,h
-33.64268,122.23567,8.0,2020-01-06,2020-01,WA,D,n
-13.96315,127.40359,4.3,2020-01-28,2020-01,WA,D,n
-32.72516,122.33581,63.4,2020-01-13,2020-01,WA,D,h
-25.10381,128.90526,34.0,2020-01-01,2020-01,WA,D,n
-22.82859,120.89808,23.1,2020-01-23,2020-01,WA,D,h
-18.42073,127.55803,10.0,2020-01-27,2020-01,WA,D,n
-34.35669,118.07247,22.1,2020-01-01,2020-01,WA,D,h
-32.21859,121.34916,34.1,2020-01-01,2020-01,WA,D,n
-28.95482,128.76067,43.1,2020-01-01,2020-01,WA,D,n
-18.82507,126.70299,4.5,2020-01-18,2020-01,WA,D,n
-16.23917,128.86848,17.2,2020-01-08,2020-01,WA,D,n
-17.98068,125.31136,8.7,2020-01-23,2020-01,WA,D,n
-32.59405,123.06829,367.2,2020-01-08,2020-01,WA,D,h
-32.35906,123.59334,224.2,2020-01-01,2020-01,WA,D,h
-22.46577,117.72881,25.8,2020-01-01,2020-01,WA,D,n
-16.23972,128.86374,17.0,2020-01-08,2020-01,WA,D,n
-31.94863,120.50537,2.3,2020-01-04,2020-01,WA,D,n
-32.65267,121.03251,153.7,2020-01-01,2020-01,WA,D,h
-31.23412,121.14391,357.6,2020-01-03,2020-01,WA,D,n
-30.88548,123.75815,31.3,2020-01-02,2020-01,WA,D,n
-32.71906,122.03485,353.4,2020-01-07,2020-01,WA,D,h
-32.91061,123.63604,385.6,2020-01-02,2020-01,WA,D,h
-17.2013,128.40053,2.7,2020-01-18,2020-01,WA,N,n
-21.59988,118.6573,22.5,2020-01-12,2020-01,WA,D,h
-33.16602,115.73158,17.1,2020-01-21,2020-01,WA,D,n
-32.73258,122.19408,249.8,2020-01-13,2020-01,WA,D,n
-18.39524,124.50346,3.6,2020-01-13,2020-01,WA,D,n
-32.72262,121.22505,59.9,2020-01-01,2020-01,WA,D,n
-33.63958,122.23306,14.9,2020-01-06,2020-01,WA,D,h
-30.79589,123.37892,255.7,2020-01-01,2020-01,WA,D,h
-31.8439,121.53113,157.2,2020-01-01,2020-01,WA,D,h
-18.51085,126.55151,25.0,2020-01-23,2020-01,WA,D,h
-26.36262,123.79606,15.6,2020-01-02,2020-01,WA,D,h
-31.0503,123.74409,56.2,2020-01-02,2020-01,WA,D,h
-21.34299,118.67153,1.1,2020-01-02,2020-01,WA,N,n
-16.88073,128.09801,6.7,2020-01-05,2020-01,WA,D,n
-30.45452,115.34568,3.1,2020-01-18,2020-01,WA,D,n
-25.04274,128.93819,14.6,2020-01-02,2020-01,WA,D,h
-32.40146,123.66424,132.1,2020-01-02,2020-01,WA,D,h
-32.71597,122.41962,34.4,2020-01-13,2020-01,WA,D,h
-15.59844,128.76605,4.8,2020-01-09,2020-01,WA,D,n
-31.95344,120.50693,27.1,2020-01-08,2020-01,WA,D,n
-17.75729,124.53297,2.9,2020-01-25,2020-01,WA,D,n
-32.56659,116.40447,2.1,2020-01-19,2020-01,WA,N,n
-21.69406,115.00335,3.3,2020-01-25,2020-01,WA,N,n
-28.60247,128.42529,62.8,2020-01-02,2020-01,WA,D,n
-18.51885,124.37515,4.2,2020-01-13,2020-01,WA,D,n
-31.6718,115.80329,0.5,2020-01-13,2020-01,WA,N,n
-18.01275,124.3909,194.6,2020-01-11,2020-01,WA,D,n
-21.89252,115.80575,23.3,2020-01-22,2020-01,WA,N,n
-30.86707,121.48846,22.0,2020-01-13,2020-01,WA,D,n
-16.52261,123.49404,4.4,2020-01-01,2020-01,WA,D,n
-21.94527,116.48898,88.4,2020-01-26,2020-01,WA,D,n
-26.49324,123.41299,7.0,2020-01-02,2020-01,WA,D,n
-32.75507,121.94827,4.8,2020-01-07,2020-01,WA,N,n
-18.61333,124.28134,199.7,2020-01-13,2020-01,WA,D,h
-32.23449,115.83049,13.5,2020-01-01,2020-01,WA,D,n
-32.54527,121.91926,50.8,2020-01-07,2020-01,WA,D,h
-32.71735,121.07224,12.9,2020-01-01,2020-01,WA,D,n
-25.06595,119.75156,25.7,2020-01-06,2020-01,WA,D,n
-32.86644,124.22604,343.6,2020-01-02,2020-01,WA,D,n
-18.59694,123.60744,0.3,2020-01-02,2020-01,WA,N,n
-30.92108,123.43488,27.3,2020-01-07,2020-01,WA,D,h
-32.73397,122.18811,249.8,2020-01-13,2020-01,WA,D,h
-31.86583,121.45728,292.0,2020-01-07,2020-01,WA,D,h
-33.20437,122.14038,401.9,2020-01-12,2020-01,WA,D,h
-32.71623,122.32078,58.3,2020-01-11,2020-01,WA,D,n
-32.77654,124.14821,1074.8,2020-01-02,2020-01,WA,D,h
-34.92835,117.13852,8.1,2020-01-29,2020-01,WA,D,n
-33.64252,123.71062,15.6,2020-01-21,2020-01,WA,D,n
-17.20756,126.02017,6.8,2020-01-16,2020-01,WA,D,n
-33.37948,115.94284,15.6,2020-01-10,2020-01,WA,D,n
-27.95539,128.46722,80.6,2020-01-02,2020-01,WA,D,n
-30.67331,123.45138,10.4,2020-01-02,2020-01,WA,D,h
-17.20118,126.0148,13.8,2020-01-16,2020-01,WA,D,n
-18.00221,125.31415,37.7,2020-01-23,2020-01,WA,D,n
-18.72563,126.80413,6.2,2020-01-09,2020-01,WA,D,n
-31.63871,119.76237,158.5,2020-01-06,2020-01,WA,D,h
-33.51678,123.76416,5.8,2020-01-01,2020-01,WA,D,n
-18.5025,126.20001,82.8,2020-01-02,2020-01,WA,D,n
-20.43305,118.5611,4.7,2020-01-17,2020-01,WA,D,n
-33.54439,115.87444,11.5,2020-01-29,2020-01,WA,D,n
-30.45826,115.3466,4.6,2020-01-18,2020-01,WA,D,n
-33.21265,123.71251,169.1,2020-01-02,2020-01,WA,D,n
-17.94421,124.50739,41.3,2020-01-11,2020-01,WA,D,n
-33.13981,122.25198,9.7,2020-01-02,2020-01,WA,D,h
-32.68813,121.08077,75.9,2020-01-01,2020-01,WA,D,h
-23.0422,115.5318,111.6,2020-01-20,2020-01,WA,D,h
-31.95628,121.3963,98.1,2020-01-01,2020-01,WA,D,n
-18.6441,126.3595,32.3,2020-01-28,2020-01,WA,D,n
-21.39331,120.74357,32.6,2020-01-01,2020-01,WA,D,n
-21.90522,115.79434,5.6,2020-01-23,2020-01,WA,D,n
-18.46643,127.16628,31.4,2020-01-25,2020-01,WA,D,n
-32.42015,123.57111,159.2,2020-01-02,2020-01,WA,D,h
-22.17825,118.76763,46.3,2020-01-14,2020-01,WA,D,n
-16.7649,125.46668,29.7,2020-01-30,2020-01,WA,D,n
-32.39882,121.3376,91.0,2020-01-01,2020-01,WA,D,n
-15.01099,125.72862,2.1,2020-01-01,2020-01,WA,D,n
-19.04845,126.13346,3.3,2020-01-29,2020-01,WA,D,n
-21.59945,118.66245,14.0,2020-01-12,2020-01,WA,D,n
-32.72426,121.21911,59.9,2020-01-01,2020-01,WA,D,n
-21.46148,116.02171,14.8,2020-01-20,2020-01,WA,D,n
-23.52174,123.43527,15.4,2020-01-01,2020-01,WA,D,n
-21.47012,116.01208,26.8,2020-01-19,2020-01,WA,D,n
-21.89192,115.80602,11.0,2020-01-22,2020-01,WA,N,n
-31.95794,121.57684,397.6,2020-01-08,2020-01,WA,D,h
-22.57283,117.18754,11.7,2020-01-01,2020-01,WA,D,h
-21.90396,115.80037,23.2,2020-01-23,2020-01,WA,D,h
-19.21684,125.65629,12.9,2020-01-12,2020-01,WA,D,n
-32.4553,123.058,429.2,2020-01-07,2020-01,WA,D,h
-32.23262,115.8261,8.1,2020-01-01,2020-01,WA,D,n
-18.6818,126.92844,26.0,2020-01-09,2020-01,WA,D,n
-21.76301,118.76559,6.6,2020-01-12,2020-01,WA,D,n
-32.35956,123.58756,224.2,2020-01-01,2020-01,WA,D,h
-21.60331,118.65798,20.2,2020-01-12,2020-01,WA,D,n
-32.8331,124.28336,577.4,2020-01-08,2020-01,WA,D,h
-23.52278,123.43643,17.4,2020-01-01,2020-01,WA,D,n
-21.94343,118.10052,2.0,2020-01-25,2020-01,WA,N,n
-26.69367,124.09769,21.3,2020-01-02,2020-01,WA,D,n
-16.88347,128.10777,10.1,2020-01-05,2020-01,WA,D,n
-21.00157,117.64909,71.7,2020-01-04,2020-01,WA,D,h
-17.06923,125.74117,11.8,2020-01-16,2020-01,WA,D,n
-16.88344,128.10748,10.3,2020-01-05,2020-01,WA,D,n
-33.42842,115.59375,1.2,2020-01-18,2020-01,WA,N,n
-21.84411,115.73303,22.2,2020-01-22,2020-01,WA,D,n
-32.92278,123.75747,158.0,2020-01-02,2020-01,WA,D,n
-16.37628,127.11749,6.7,2020-01-01,2020-01,WA,D,n
-20.7459,117.72313,0.9,2020-01-09,2020-01,WA,N,n
-21.85684,115.7218,34.4,2020-01-22,2020-01,WA,D,h
-18.48355,124.80134,7.3,2020-01-24,2020-01,WA,D,n
-22.66279,115.59323,0.3,2020-01-19,2020-01,WA,N,n
-33.41388,116.31483,0.9,2020-01-06,2020-01,WA,N,n
-18.6787,126.92381,36.1,2020-01-09,2020-01,WA,D,n
-33.0102,116.95878,31.2,2020-01-05,2020-01,WA,D,n
-21.91294,120.14471,4.6,2020-01-02,2020-01,WA,N,n
-32.21686,115.76325,1.9,2020-01-29,2020-01,WA,N,n
-31.97611,122.2999,97.9,2020-01-02,2020-01,WA,D,n
-25.41017,128.41467,62.6,2020-01-01,2020-01,WA,D,h
-32.47742,123.24277,591.4,2020-01-02,2020-01,WA,D,h
-21.90331,118.2182,14.3,2020-01-22,2020-01,WA,D,h
-33.29934,117.11335,9.5,2020-01-18,2020-01,WA,D,n
-32.4028,121.3308,140.9,2020-01-01,2020-01,WA,D,h
-30.74752,123.28139,28.6,2020-01-01,2020-01,WA,D,h
-22.82818,120.90292,17.1,2020-01-23,2020-01,WA,D,n
-18.59373,122.05097,17.0,2020-01-29,2020-01,WA,D,n
-32.92948,123.75502,158.0,2020-01-02,2020-01,WA,D,n
-30.76634,123.28374,136.7,2020-01-01,2020-01,WA,D,h
-33.34441,116.15648,2.1,2020-01-10,2020-01,WA,D,n
-33.5163,123.76987,11.2,2020-01-01,2020-01,WA,D,n
-31.07236,123.59764,7.1,2020-01-02,2020-01,WA,D,n
-32.70059,120.97758,12.8,2020-01-01,2020-01,WA,D,h
-20.8959,117.23228,30.5,2020-01-18,2020-01,WA,D,n
-29.01716,128.27141,55.4,2020-01-01,2020-01,WA,D,n
-22.63824,119.09178,2.5,2020-01-13,2020-01,WA,N,n
-32.00208,121.65515,28.7,2020-01-02,2020-01,WA,D,n
-32.63811,121.94229,235.0,2020-01-07,2020-01,WA,D,h
-17.76145,123.74613,6.0,2020-01-02,2020-01,WA,D,n
-30.74131,123.35297,64.4,2020-01-02,2020-01,WA,D,h
-33.3842,115.94309,9.7,2020-01-10,2020-01,WA,D,n
-20.76527,119.06081,10.0,2020-01-29,2020-01,WA,D,n
-27.84895,128.4231,16.9,2020-01-02,2020-01,WA,D,n
-30.8913,123.75455,26.0,2020-01-02,2020-01,WA,D,n
-33.98077,115.79273,16.7,2020-01-23,2020-01,WA,D,n
-32.46566,121.9487,108.7,2020-01-02,2020-01,WA,D,n
-33.14889,122.22752,124.8,2020-01-02,2020-01,WA,D,n
-31.22174,121.2071,441.6,2020-01-03,2020-01,WA,D,h
-23.43558,118.0792,2.2,2020-01-03,2020-01,WA,N,n
-33.54784,115.87531,11.5,2020-01-29,2020-01,WA,D,n
-17.17558,125.97235,13.8,2020-01-16,2020-01,WA,D,n
-21.0243,117.10098,53.9,2020-01-22,2020-01,WA,D,n
-34.32586,118.08677,155.3,2020-01-01,2020-01,WA,D,h
-29.1934,115.05009,25.0,2020-01-22,2020-01,WA,D,h
-30.93252,123.55456,66.6,2020-01-01,2020-01,WA,D,n
-32.90581,124.1264,472.9,2020-01-08,2020-01,WA,D,h
-32.66085,124.22901,71.0,2020-01-08,2020-01,WA,D,h
-21.90987,115.7228,2.4,2020-01-20,2020-01,WA,N,n
-26.9128,121.35839,42.8,2020-01-02,2020-01,WA,D,n
-33.16577,115.73528,17.1,2020-01-21,2020-01,WA,D,h
-30.93768,123.58368,52.2,2020-01-01,2020-01,WA,D,h
-18.46172,127.5644,0.6,2020-01-12,2020-01,WA,N,n
-33.41529,116.31384,0.7,2020-01-07,2020-01,WA,N,n
-33.94938,122.11166,19.5,2020-01-01,2020-01,WA,D,h
-31.88491,121.45898,390.6,2020-01-07,2020-01,WA,D,h
-17.97638,125.31081,14.5,2020-01-23,2020-01,WA,D,n
-32.67904,123.42914,389.8,2020-01-29,2020-01,WA,D,h
-33.2018,123.33617,80.8,2020-01-07,2020-01,WA,D,n
-32.21443,116.11927,5.8,2020-01-10,2020-01,WA,D,n
-17.23114,126.21085,10.7,2020-01-08,2020-01,WA,D,n
-32.45237,122.02182,387.6,2020-01-06,2020-01,WA,D,n
-32.47,121.41414,214.3,2020-01-07,2020-01,WA,D,h
-27.88836,128.41982,20.9,2020-01-02,2020-01,WA,D,h
-32.00121,121.65874,28.7,2020-01-02,2020-01,WA,D,h
-21.03741,117.72926,124.5,2020-01-02,2020-01,WA,D,n
-30.9193,123.43399,42.1,2020-01-07,2020-01,WA,D,h
-32.37808,123.19968,255.9,2020-01-02,2020-01,WA,D,h
-31.23913,121.13922,357.6,2020-01-03,2020-01,WA,D,h
-20.90814,128.89868,17.1,2020-01-04,2020-01,WA,D,n
-19.96008,127.66862,4.6,2020-01-18,2020-01,WA,N,n
-25.10324,128.90923,92.1,2020-01-01,2020-01,WA,D,h
-29.31334,114.9442,0.2,2020-01-06,2020-01,WA,N,n
-29.19872,115.05175,25.0,2020-01-22,2020-01,WA,D,h
-18.03928,125.63656,17.0,2020-01-23,2020-01,WA,D,n
-32.36533,121.50151,60.3,2020-01-06,2020-01,WA,D,n
-20.59129,116.77833,5.3,2020-01-20,2020-01,WA,N,n
-32.7157,121.07812,12.9,2020-01-01,2020-01,WA,D,h
-18.23898,126.30498,16.2,2020-01-05,2020-01,WA,D,n
-31.9556,120.51258,0.3,2020-01-09,2020-01,WA,N,n
-31.6124,116.42496,2.5,2020-01-08,2020-01,WA,N,n
-29.20052,115.0443,15.4,2020-01-22,2020-01,WA,D,h
-20.5959,116.78312,7.5,2020-01-16,2020-01,WA,D,n
-17.94754,124.50793,41.3,2020-01-11,2020-01,WA,D,n
-31.64334,119.76373,75.0,2020-01-07,2020-01,WA,D,n
-32.81955,124.0095,382.7,2020-01-08,2020-01,WA,D,h
-32.68671,123.41418,381.4,2020-01-29,2020-01,WA,D,h
-18.6579,126.36394,12.8,2020-01-27,2020-01,WA,N,n
-32.37702,123.2039,255.9,2020-01-02,2020-01,WA,D,h
-32.67249,121.06721,86.4,2020-01-01,2020-01,WA,D,h
-32.21812,115.76161,2.6,2020-01-26,2020-01,WA,N,n
-26.51468,120.36768,3.2,2020-01-21,2020-01,WA,N,n
-18.8139,126.68346,6.2,2020-01-18,2020-01,WA,D,n
-28.76724,128.53194,50.6,2020-01-01,2020-01,WA,D,h
-21.02235,117.1088,53.9,2020-01-22,2020-01,WA,D,h
-32.7778,124.14351,1074.8,2020-01-02,2020-01,WA,D,h
-32.63982,122.41065,16.6,2020-01-12,2020-01,WA,D,h
-32.24461,123.34007,152.9,2020-01-03,2020-01,WA,D,h
-32.22692,123.28583,27.0,2020-01-04,2020-01,WA,D,n
-31.18448,121.19308,26.0,2020-01-01,2020-01,WA,D,n
-23.8661,124.55185,4.4,2020-01-02,2020-01,WA,N,n
-32.7134,122.02334,259.9,2020-01-07,2020-01,WA,D,h
-18.60082,122.04566,11.6,2020-01-29,2020-01,WA,D,n
